0.6090099658515755,0.012921694326843088,2.6,1.125,6.986999999999999,4.368,2.6,0.005500000000000001,0.034300000000000004,0.08100000000000002,0.95,0.8,0.95,0.7271358488766293,0.2,0.005509185818670955,0.0074018350728388424,1.00155894345546,5.539999999999999,2387.000000000001
0.6039791932008877,0.013437379687887233,2.6,1.125,6.986999999999999,4.368,2.6,0.005500000000000001,0.034300000000000004,0.08100000000000002,0.95,0.8,0.95,0.7314727635196333,0.2,0.005478197953225742,0.00732820254707449,1.0015939965557759,5.539999999999999,2387.000000000001
0.6038296800893956,0.013407435174844802,2.6,1.125,6.986999999999999,4.368,2.6,0.005500000000000001,0.034300000000000004,0.08100000000000002,0.95,0.8,0.95,0.7344204614153799,0.2,0.005467161143598601,0.007255324378956405,1.0013672434049457,5.539999999999999,2387.000000000001
0.6036461422642669,0.013391778792665348,2.6,1.125,6.986999999999999,4.368,2.6,0.005500000000000001,0.034300000000000004,0.08100000000000002,0.95,0.8,0.95,0.7374422881830373,0.2,0.005455563419419362,0.007183197320398273,1.001251781554673,5.539999999999999,2387.000000000001
0.6033009750170768,0.01337020454134987,2.6,1.125,6.986999999999999,4.368,2.6,0.005500000000000001,0.034300000000000004,0.08100000000000002,0.95,0.8,0.95,0.74044041277451,0.2,0.005443354241788971,0.007111722036369846,1.0012325001213387,5.539999999999999,2387.000000000001
0.6030269366938068,0.013353795349300581,2.6,1.125,6.986999999999999,4.368,2.6,0.005500000000000001,0.034300000000000004,0.08100000000000002,0.95,0.8,0.95,0.7435876575089763,0.2,0.005431008136359951,0.007041025182301917,1.0012027897315234,5.539999999999999,2387.000000000001
0.6026569038192335,0.013329583961447304,2.6,1.125,6.986999999999999,4.368,2.6,0.005500000000000001,0.034300000000000004,0.08100000000000002,0.95,0.8,0.95,0.7467355056086041,0.2,0.005418453928348761,0.006970995037667758,1.0011644952547,5.539999999999999,2387.000000000001
0.602310653231053,0.013299431306424202,2.6,1.125,6.986999999999999,4.368,2.6,0.005500000000000001,0.034300000000000004,0.08100000000000002,0.95,0.8,0.95,0.7499331745982469,0.2,0.005405624818531021,0.006901682657493393,1.0010917338544334,5.539999999999999,2387.000000000001
0.60221661077728,0.013274838253253972,2.6,1.125,6.986999999999999,4.368,2.6,0.005500000000000001,0.034300000000000004,0.08100000000000002,0.95,0.8,0.95,0.7530994667288929,0.2,0.0053933761976207644,0.006833051483683611,1.0010648377797473,5.539999999999999,2387.000000000001
0.6044655700724056,0.013458387864854749,2.6,1.125,6.986999999999999,4.368,2.6,0.005500000000000001,0.034300000000000004,0.08100000000000002,0.95,0.8,0.95,0.7258335654018142,0.2,0.005501181076695802,0.007476193754392691,1.0015496308201202,5.539999999999999,2387.000000000001
0.6044655700724056,0.013458387864854749,2.6,1.125,6.986999999999999,4.368,2.6,0.005500000000000001,0.034300000000000004,0.08100000000000002,0.95,0.8,0.95,0.7258335654018142,0.2,0.005501181076695802,0.007551362059967224,1.0015496308201202,5.539999999999999,2387.000000000001
0.6049493952857096,0.013508940340830456,2.6,1.125,6.986999999999999,4.368,2.6,0.005500000000000001,0.034300000000000004,0.08100000000000002,0.95,0.8,0.95,0.7206339949031552,0.2,0.005521533729168689,0.007627143610821926,1.0015290205224465,5.539999999999999,2387.000000000001
0.6050341386423409,0.013521067787435063,2.6,1.125,6.986999999999999,4.368,2.6,0.005500000000000001,0.034300000000000004,0.08100000000000002,0.95,0.8,0.95,0.718224810854403,0.2,0.005531206588381402,0.007703797514279297,1.0015330890301901,5.539999999999999,2387.000000000001
0.6049683164079007,0.01355337607611221,2.6,1.125,6.986999999999999,4.368,2.6,0.005500000000000001,0.034300000000000004,0.08100000000000002,0.95,0.8,0.95,0.7159299338130386,0.2,0.005538757876522194,0.007781111631093096,1.0014597694868435,5.539999999999999,2387.000000000001
0.6056052811885979,0.013565759621455913,2.6,1.125,6.986999999999999,4.368,2.6,0.005500000000000001,0.034300000000000004,0.08100000000000002,0.95,0.8,0.95,0.7134726805261705,0.2,0.005548652262980026,0.007859274443539076,1.001377068124624,5.539999999999999,2387.000000000001
0.6056176538100143,0.013557212450036164,2.6,1.125,6.986999999999999,4.368,2.6,0.005500000000000001,0.034300000000000004,0.08100000000000002,0.95,0.8,0.95,0.7111185171455333,0.2,0.005558828066031734,0.007938244217839991,1.0013730584517917,5.539999999999999,2387.000000000001
0.6056696570295745,0.013595232170598595,2.6,1.125,6.986999999999999,4.368,2.6,0.005500000000000001,0.034300000000000004,0.08100000000000002,0.95,0.8,0.95,0.7090781201551293,0.2,0.005566683669462341,0.008018052206023415,1.0013717934441577,5.539999999999999,2387.000000000001
0.6056696585988296,0.013595232217497935,2.6,1.125,6.986999999999999,4.368,2.6,0.005500000000000001,0.034300000000000004,0.08100000000000002,0.95,0.8,0.95,0.7090781180157523,0.2,0.005566683656298337,0.008098897603441913,1.0013717959637298,5.539999999999999,2387.000000000001
