0.6009439974662386,0.013474188881052453,2.6,1.125,6.986999999999999,4.368,2.6,0.006499999999999998,0.033800000000000004,0.08100000000000002,0.95,0.95,0.7467541136771283,0.2,0.00553138044172521,0.9596071667170879,5.539999999999999,2623.9999999999995
0.5997572428731591,0.013469886034833723,2.6,1.125,6.986999999999999,4.368,2.6,0.006499999999999998,0.033800000000000004,0.08100000000000002,0.95,0.95,0.7408042573198437,0.2,0.005383197677599059,0.9636493393171441,5.539999999999999,2623.9999999999995
0.6044559107214814,0.013359430009599021,2.6,1.125,6.986999999999999,4.368,2.6,0.006499999999999998,0.033800000000000004,0.08100000000000002,0.95,0.95,0.7349014682509396,0.2,0.005581756601121554,0.9634957053539176,5.539999999999999,2623.9999999999995
0.597416158975531,0.013483941675248983,2.6,1.125,6.986999999999999,4.368,2.6,0.006499999999999998,0.033800000000000004,0.08100000000000002,0.95,0.95,0.7290457084805642,0.2,0.005459872477305127,0.9570766982129607,5.539999999999999,2623.9999999999995
0.6047284545328931,0.013363620814903361,2.6,1.125,6.986999999999999,4.368,2.6,0.006499999999999998,0.033800000000000004,0.08100000000000002,0.95,0.95,0.7232366101877156,0.2,0.005539754771210921,0.9597875298652389,5.539999999999999,2623.9999999999995
0.5894553747531814,0.013414715820575664,2.6,1.125,6.986999999999999,4.368,2.6,0.006499999999999998,0.033800000000000004,0.08100000000000002,0.95,0.95,0.7174737993098459,0.2,0.0054901922633495874,0.9782616635040208,5.539999999999999,2623.9999999999995
0.5946374429579496,0.013503095214281452,2.6,1.125,6.986999999999999,4.368,2.6,0.006499999999999998,0.033800000000000004,0.08100000000000002,0.95,0.95,0.7117569069499055,0.2,0.0054818338781499505,0.9749803986911735,5.539999999999999,2623.9999999999995
0.6027464085130578,0.013444751034155272,2.6,1.125,6.986999999999999,4.368,2.6,0.006499999999999998,0.033800000000000004,0.08100000000000002,0.95,0.95,0.7060855673000184,0.2,0.005507343224683724,0.9543848196657063,5.539999999999999,2623.9999999999995
0.5951364926830082,0.013470306855847467,2.6,1.125,6.986999999999999,4.368,2.6,0.006499999999999998,0.033800000000000004,0.08100000000000002,0.95,0.95,0.7004594173674494,0.2,0.005459634213353235,0.9595821830267517,5.539999999999999,2623.9999999999995
0.5999486461749042,0.013319788150612934,2.6,1.125,6.986999999999999,4.368,2.6,0.006499999999999998,0.033800000000000004,0.08100000000000002,0.95,0.95,0.6948780970766827,0.2,0.005508765664205852,0.9730976676207757,5.539999999999999,2623.9999999999995
0.5838048218365891,0.01354733694645769,2.6,1.125,6.986999999999999,4.368,2.6,0.006499999999999998,0.033800000000000004,0.08100000000000002,0.95,0.95,0.6893412636018778,0.2,0.005429462094759967,0.9718484726927759,5.539999999999999,2623.9999999999995
0.60334663146312,0.013558096726294409,2.6,1.125,6.986999999999999,4.368,2.6,0.006499999999999998,0.033800000000000004,0.08100000000000002,0.95,0.95,0.6834580831580981,0.2,0.005710754668464046,0.9510160116162312,5.539999999999999,2623.9999999999995
0.5938781945463686,0.013597650657944965,2.6,1.125,6.986999999999999,4.368,2.6,0.006499999999999998,0.033800000000000004,0.08100000000000002,0.95,0.95,0.6783995561997346,0.2,0.00551607610741134,0.9715244737756943,5.539999999999999,2623.9999999999995
0.5986162709824826,0.013466424278834667,2.6,1.125,6.986999999999999,4.368,2.6,0.006499999999999998,0.033800000000000004,0.08100000000000002,0.95,0.95,0.6729940112864261,0.2,0.0055466655689562295,0.9544848515405429,5.539999999999999,2623.9999999999995
0.5949389757209596,0.01354602819029884,2.6,1.125,6.986999999999999,4.368,2.6,0.006499999999999998,0.033800000000000004,0.08100000000000002,0.95,0.95,0.6676315371695396,0.2,0.005500893207471487,0.9651061323948704,5.539999999999999,2623.9999999999995
0.6044085987818102,0.013555503608855598,2.6,1.125,6.986999999999999,4.368,2.6,0.006499999999999998,0.033800000000000004,0.08100000000000002,0.95,0.95,0.6623117934233008,0.2,0.0055673961308585805,0.9613729240538007,5.539999999999999,2623.9999999999995
0.5954614736026294,0.013382030767448299,2.6,1.125,6.986999999999999,4.368,2.6,0.006499999999999998,0.033800000000000004,0.08100000000000002,0.95,0.95,0.6570342326131045,0.2,0.005527578955865564,0.9567427273890408,5.539999999999999,2623.9999999999995
0.5908334828693761,0.013314960646028318,2.6,1.125,6.986999999999999,4.368,2.6,0.006499999999999998,0.033800000000000004,0.08100000000000002,0.95,0.95,0.6517991291578362,0.2,0.00547946650652994,0.9613798670972742,5.539999999999999,2623.9999999999995
0.6016758737674603,0.013431126204639663,2.6,1.125,6.986999999999999,4.368,2.6,0.006499999999999998,0.033800000000000004,0.08100000000000002,0.95,0.95,0.6466055381523516,0.2,0.005434663641741966,0.9378180292129795,5.539999999999999,2623.9999999999995
0.5958566421370797,0.013769235353080741,2.6,1.125,6.986999999999999,4.368,2.6,0.006499999999999998,0.033800000000000004,0.08100000000000002,0.95,0.95,0.6414533301575254,0.2,0.005513672292827458,0.9613329533408418,5.539999999999999,2623.9999999999995
0.595485366066194,0.013279685325752818,2.6,1.125,6.986999999999999,4.368,2.6,0.006499999999999998,0.033800000000000004,0.08100000000000002,0.95,0.95,0.6362269394731148,0.2,0.005464930212049791,0.9692399842623964,5.539999999999999,2623.9999999999995
0.5937182569729225,0.013480420519612601,2.6,1.125,6.986999999999999,4.368,2.6,0.006499999999999998,0.033800000000000004,0.08100000000000002,0.95,0.95,0.6312717473425485,0.2,0.005509071505258945,0.9718227927328714,5.539999999999999,2623.9999999999995
0.602368311494636,0.01353773496150836,2.6,1.125,6.986999999999999,4.368,2.6,0.006499999999999998,0.033800000000000004,0.08100000000000002,0.95,0.95,0.6262417179966809,0.2,0.0054749245656474845,0.9853804733555059,5.539999999999999,2623.9999999999995
0.6112433596170772,0.013242478428265562,2.6,1.125,6.986999999999999,4.368,2.6,0.006499999999999998,0.033800000000000004,0.08100000000000002,0.95,0.95,0.6212517723541839,0.2,0.005396755819282771,0.9628833189107334,5.539999999999999,2623.9999999999995
0.5945889531200526,0.013666027604975975,2.6,1.125,6.986999999999999,4.368,2.6,0.006499999999999998,0.033800000000000004,0.08100000000000002,0.95,0.95,0.6163015853321532,0.2,0.005513764780100921,0.9585033981345924,5.539999999999999,2623.9999999999995
0.6017952379878396,0.013420861402209822,2.6,1.125,6.986999999999999,4.368,2.6,0.006499999999999998,0.033800000000000004,0.08100000000000002,0.95,0.95,0.6113908315169989,0.2,0.005503542732950268,0.963734230992597,5.539999999999999,2623.9999999999995
0.5907115634183507,0.013706991680049276,2.6,1.125,6.986999999999999,4.368,2.6,0.006499999999999998,0.033800000000000004,0.08100000000000002,0.95,0.95,0.6065183888436012,0.2,0.0054565686529908985,0.96221431133402,5.539999999999999,2623.9999999999995
0.5921236258276815,0.013453775752252628,2.6,1.125,6.986999999999999,4.368,2.6,0.006499999999999998,0.033800000000000004,0.08100000000000002,0.95,0.95,0.6017937715066267,0.2,0.0054267507189960885,0.9710417182652957,5.539999999999999,2623.9999999999995
0.6008946875525736,0.013356067091024422,2.6,1.125,6.986999999999999,4.368,2.6,0.006499999999999998,0.033800000000000004,0.08100000000000002,0.95,0.95,0.5968921419325631,0.2,0.005472908649749745,0.9745927934903964,5.539999999999999,2623.9999999999995
0.605204308975583,0.013470052499127931,2.6,1.125,6.986999999999999,4.368,2.6,0.006499999999999998,0.033800000000000004,0.08100000000000002,0.95,0.95,0.5921360545125552,0.2,0.005562717812689889,0.9570265595454238,5.539999999999999,2623.9999999999995
0.5853674331513,0.013600185923565773,2.6,1.125,6.986999999999999,4.368,2.6,0.006499999999999998,0.033800000000000004,0.08100000000000002,0.95,0.95,0.5874178722073911,0.2,0.005514147551901236,0.9515819846017052,5.539999999999999,2623.9999999999995
0.6054262537362997,0.013680468722828618,2.6,1.125,6.986999999999999,4.368,2.6,0.006499999999999998,0.033800000000000004,0.08100000000000002,0.95,0.95,0.7467544604963505,0.2,0.005494790442702725,0.9648953400002939,5.539999999999999,2623.9999999999995
0.5921530835229413,0.013390290953972553,2.6,1.125,6.986999999999999,4.368,2.6,0.006499999999999998,0.033800000000000004,0.08100000000000002,0.95,0.95,0.7527522487059889,0.2,0.005393074511247977,0.9507448735745982,5.539999999999999,2623.9999999999995
0.5947195723743469,0.01334883481575189,2.6,1.125,6.986999999999999,4.368,2.6,0.006499999999999998,0.033800000000000004,0.08100000000000002,0.95,0.95,0.7587412836708636,0.2,0.005544243941756156,0.9543040260744037,5.539999999999999,2623.9999999999995
0.6007474050046523,0.01377078885670461,2.6,1.125,6.986999999999999,4.368,2.6,0.006499999999999998,0.033800000000000004,0.08100000000000002,0.95,0.95,0.7648733058005466,0.2,0.005465082986676789,0.9522856543086863,5.539999999999999,2623.9999999999995
0.5894893428448545,0.01344673002874809,2.6,1.125,6.986999999999999,4.368,2.6,0.006499999999999998,0.033800000000000004,0.08100000000000002,0.95,0.95,0.7710370526271615,0.2,0.0054742774424677496,0.9599408119034952,5.539999999999999,2623.9999999999995
0.6038530252523343,0.013514732565136113,2.6,1.125,6.986999999999999,4.368,2.6,0.006499999999999998,0.033800000000000004,0.08100000000000002,0.95,0.95,0.7772300881608257,0.2,0.005447568903836025,0.9541006377471031,5.539999999999999,2623.9999999999995
0.6042443857905114,0.01356658435200975,2.6,1.125,6.986999999999999,4.368,2.6,0.006499999999999998,0.033800000000000004,0.08100000000000002,0.95,0.95,0.7834728667058164,0.2,0.005521807667241703,0.9493259117885849,5.539999999999999,2623.9999999999995
0.5971924939158557,0.013756540517818935,2.6,1.125,6.986999999999999,4.368,2.6,0.006499999999999998,0.033800000000000004,0.08100000000000002,0.95,0.95,0.7897657877409231,0.2,0.005551402553338323,0.9638216994335119,5.539999999999999,2623.9999999999995
0.5920414800989232,0.01376225766350425,2.6,1.125,6.986999999999999,4.368,2.6,0.006499999999999998,0.033800000000000004,0.08100000000000002,0.95,0.95,0.796109254076408,0.2,0.0054583691908220945,0.9630759813124848,5.539999999999999,2623.9999999999995
0.6064602905835599,0.013640330968082343,2.6,1.125,6.986999999999999,4.368,2.6,0.006499999999999998,0.033800000000000004,0.08100000000000002,0.95,0.95,0.8023741771959187,0.2,0.005486165804436728,0.9702597274332333,5.539999999999999,2623.9999999999995
0.6013132677815726,0.013401511761279714,2.6,1.125,6.986999999999999,4.368,2.6,0.006499999999999998,0.033800000000000004,0.08100000000000002,0.95,0.95,0.8089403141393009,0.2,0.005501884568226006,0.9732639346022306,5.539999999999999,2623.9999999999995
0.6028584657002094,0.013296579260997836,2.6,1.125,6.986999999999999,4.368,2.6,0.006499999999999998,0.033800000000000004,0.08100000000000002,0.95,0.95,0.8152242688810752,0.2,0.0054653950411330445,0.9575319732107267,5.539999999999999,2623.9999999999995
0.5938515261023036,0.013610429068417071,2.6,1.125,6.986999999999999,4.368,2.6,0.006499999999999998,0.033800000000000004,0.08100000000000002,0.95,0.95,0.8218333671692215,0.2,0.005534950081934356,0.970089001250282,5.539999999999999,2623.9999999999995
0.5996098527326332,0.013472726528328448,2.6,1.125,6.986999999999999,4.368,2.6,0.006499999999999998,0.033800000000000004,0.08100000000000002,0.95,0.95,0.8285992569152091,0.2,0.0054368887611834105,0.9684606848710137,5.539999999999999,2623.9999999999995
0.6133125985330518,0.013434195278248745,2.6,1.125,6.986999999999999,4.368,2.6,0.006499999999999998,0.033800000000000004,0.08100000000000002,0.95,0.95,0.8351994576551226,0.2,0.005553628069783736,0.9637502724017983,5.539999999999999,2623.9999999999995
0.6019299025225215,0.01352016796217893,2.6,1.125,6.986999999999999,4.368,2.6,0.006499999999999998,0.033800000000000004,0.08100000000000002,0.95,0.95,0.8415548442370779,0.2,0.0054850760732219365,0.9795332304667488,5.539999999999999,2623.9999999999995
0.5938558150991714,0.013545931771276052,2.6,1.125,6.986999999999999,4.368,2.6,0.006499999999999998,0.033800000000000004,0.08100000000000002,0.95,0.95,0.8485003591705561,0.2,0.00540375935793491,0.9388083304571145,5.539999999999999,2623.9999999999995
0.5891293297241056,0.013419165111738861,2.6,1.125,6.986999999999999,4.368,2.6,0.006499999999999998,0.033800000000000004,0.08100000000000002,0.95,0.95,0.8552729172411948,0.2,0.005508445233918912,0.9677848421451428,5.539999999999999,2623.9999999999995
0.6043877508067409,0.013477693023637119,2.6,1.125,6.986999999999999,4.368,2.6,0.006499999999999998,0.033800000000000004,0.08100000000000002,0.95,0.95,0.8620211749612362,0.2,0.005490667802338187,0.9577939434782701,5.539999999999999,2623.9999999999995
0.6053716460706763,0.013606721848384854,2.6,1.125,6.986999999999999,4.368,2.6,0.006499999999999998,0.033800000000000004,0.08100000000000002,0.95,0.95,0.8686900907014277,0.2,0.005472303833934632,0.94348984998568,5.539999999999999,2623.9999999999995
0.594905112869012,0.013561086367759953,2.6,1.125,6.986999999999999,4.368,2.6,0.006499999999999998,0.033800000000000004,0.08100000000000002,0.95,0.95,0.8760140846392387,0.2,0.005475365225329589,0.956019755753068,5.539999999999999,2623.9999999999995
0.5838634439983386,0.013306410262113726,2.6,1.125,6.986999999999999,4.368,2.6,0.006499999999999998,0.033800000000000004,0.08100000000000002,0.95,0.95,0.8833631904856875,0.2,0.005398531337044792,0.9623527505177301,5.539999999999999,2623.9999999999995
0.6030091313475797,0.013346897502271138,2.6,1.125,6.986999999999999,4.368,2.6,0.006499999999999998,0.033800000000000004,0.08100000000000002,0.95,0.95,0.8897768219347619,0.2,0.005499885936015198,0.981464193504673,5.539999999999999,2623.9999999999995
0.5964533706353805,0.013329300761907565,2.6,1.125,6.986999999999999,4.368,2.6,0.006499999999999998,0.033800000000000004,0.08100000000000002,0.95,0.95,0.8976106774843553,0.2,0.005435120267760638,0.9589658066719705,5.539999999999999,2623.9999999999995
0.5909384463821665,0.01349311593376736,2.6,1.125,6.986999999999999,4.368,2.6,0.006499999999999998,0.033800000000000004,0.08100000000000002,0.95,0.95,0.9040731931106524,0.2,0.005493710428665088,0.9572671652339236,5.539999999999999,2623.9999999999995
0.6012715121466551,0.013444609621425978,2.6,1.125,6.986999999999999,4.368,2.6,0.006499999999999998,0.033800000000000004,0.08100000000000002,0.95,0.95,0.9120879577186521,0.2,0.005467007010154566,0.9643910136937647,5.539999999999999,2623.9999999999995
0.6082865442073584,0.013610044140408305,2.6,1.125,6.986999999999999,4.368,2.6,0.006499999999999998,0.033800000000000004,0.08100000000000002,0.95,0.95,0.9187379939475563,0.2,0.005411021938480787,0.9646287056546095,5.539999999999999,2623.9999999999995
0.5894548720008768,0.013282951851329558,2.6,1.125,6.986999999999999,4.368,2.6,0.006499999999999998,0.033800000000000004,0.08100000000000002,0.95,0.95,0.9264435172069414,0.2,0.005540274692010473,0.9545107498375648,5.539999999999999,2623.9999999999995
0.6051718982375366,0.013506614072018988,2.6,1.125,6.986999999999999,4.368,2.6,0.006499999999999998,0.033800000000000004,0.08100000000000002,0.95,0.95,0.934245240126344,0.2,0.005558913578704343,0.9498665439079986,5.539999999999999,2623.9999999999995
0.5941425200668498,0.013630384407533684,2.6,1.125,6.986999999999999,4.368,2.6,0.006499999999999998,0.033800000000000004,0.08100000000000002,0.95,0.95,0.9410226277568742,0.2,0.0055346856642742425,0.9541795799975636,5.539999999999999,2623.9999999999995
0.5987048988782577,0.013609958327971145,2.6,1.125,6.986999999999999,4.368,2.6,0.006499999999999998,0.033800000000000004,0.08100000000000002,0.95,0.95,0.9493109734047045,0.2,0.0054493040311319576,0.9716785455271488,5.539999999999999,2623.9999999999995
0.6040943108861576,0.013665056966063812,2.6,1.125,6.986999999999999,4.368,2.6,0.006499999999999998,0.033800000000000004,0.08100000000000002,0.95,0.95,0.7380527082184168,0.2,0.005460198019455314,0.9621937056820449,5.539999999999999,2623.9999999999995
0.59555826803715,0.013269641857231985,2.6,1.125,6.986999999999999,4.368,2.6,0.006499999999999998,0.033800000000000004,0.08100000000000002,0.95,0.95,0.7538604613048325,0.2,0.005548810188286851,0.9526197183450045,5.539999999999999,2623.9999999999995
0.5954975883444732,0.013466121945387356,2.6,1.125,6.986999999999999,4.368,2.6,0.006499999999999998,0.033800000000000004,0.08100000000000002,0.95,0.95,0.752201046692694,0.2,0.0055204675912597975,0.943140993773651,5.539999999999999,2623.9999999999995
0.6011404047914014,0.013519825821985928,2.6,1.125,6.986999999999999,4.368,2.6,0.006499999999999998,0.033800000000000004,0.08100000000000002,0.95,0.95,0.7478570889884743,0.2,0.005494095557139742,0.9337565840876283,5.539999999999999,2623.9999999999995
0.5986925091653569,0.013667946660991198,2.6,1.125,6.986999999999999,4.368,2.6,0.006499999999999998,0.033800000000000004,0.08100000000000002,0.95,0.95,0.7582496861953493,0.2,0.005348682734764147,0.9244655508381474,5.539999999999999,2623.9999999999995
0.606787979525536,0.013547372457967785,2.6,1.125,6.986999999999999,4.368,2.6,0.006499999999999998,0.033800000000000004,0.08100000000000002,0.95,0.95,0.7404353233571602,0.2,0.005432367518612644,0.915266964914141,5.539999999999999,2623.9999999999995
0.6046821189770165,0.013351573545708519,2.6,1.125,6.986999999999999,4.368,2.6,0.006499999999999998,0.033800000000000004,0.08100000000000002,0.95,0.95,0.7494263710158319,0.2,0.005406333432098517,0.9061599064493508,5.539999999999999,2623.9999999999995
0.600996140927278,0.013582170341247264,2.6,1.125,6.986999999999999,4.368,2.6,0.006499999999999998,0.033800000000000004,0.08100000000000002,0.95,0.95,0.7347449321540516,0.2,0.0054837445298866255,0.8971434444656144,5.539999999999999,2623.9999999999995
0.6080254699260147,0.013623198712596195,2.6,1.125,6.986999999999999,4.368,2.6,0.006499999999999998,0.033800000000000004,0.08100000000000002,0.95,0.95,0.746290691402271,0.2,0.005610427694164394,0.8882167381054272,5.539999999999999,2623.9999999999995
0.5974218446125198,0.013483403714811451,2.6,1.125,6.986999999999999,4.368,2.6,0.006499999999999998,0.033800000000000004,0.08100000000000002,0.95,0.95,0.7385305772013664,0.2,0.005402886384310529,0.8793788338945066,5.539999999999999,2623.9999999999995
0.5916913585561138,0.013510119818192414,2.6,1.125,6.986999999999999,4.368,2.6,0.006499999999999998,0.033800000000000004,0.08100000000000002,0.95,0.95,0.7500406870837936,0.2,0.0055064470373606365,0.8706288682997935,5.539999999999999,2623.9999999999995
0.592124754995582,0.013705420634663523,2.6,1.125,6.986999999999999,4.368,2.6,0.006499999999999998,0.033800000000000004,0.08100000000000002,0.95,0.95,0.7547113938927147,0.2,0.005532098378428236,0.8619659663174368,5.539999999999999,2623.9999999999995
0.5997723071821441,0.013548929222214503,2.6,1.125,6.986999999999999,4.368,2.6,0.006499999999999998,0.033800000000000004,0.08100000000000002,0.95,0.95,0.7452647128462186,0.2,0.005474765852941929,0.8533892133446201,5.539999999999999,2623.9999999999995
0.6013190860069079,0.01342289486074577,2.6,1.125,6.986999999999999,4.368,2.6,0.006499999999999998,0.033800000000000004,0.08100000000000002,0.95,0.95,0.7417910061223978,0.2,0.00546235171136828,0.8450025766414214,5.539999999999999,2623.9999999999995
0.6057053054921893,0.013229612912617716,2.6,1.125,6.986999999999999,4.368,2.6,0.006499999999999998,0.033800000000000004,0.08100000000000002,0.95,0.95,0.7446053080097945,0.2,0.005517745236049153,0.8364910220835804,5.539999999999999,2623.9999999999995
0.5981875689823446,0.013650927395426291,2.6,1.125,6.986999999999999,4.368,2.6,0.006499999999999998,0.033800000000000004,0.08100000000000002,0.95,0.95,0.7339399587891227,0.2,0.005481813086543279,0.8281677973465205,5.539999999999999,2623.9999999999995
0.6013250423872653,0.013341269358394386,2.6,1.125,6.986999999999999,4.368,2.6,0.006499999999999998,0.033800000000000004,0.08100000000000002,0.95,0.95,0.7489886530626967,0.2,0.005498211510127933,0.8199273900793373,5.539999999999999,2623.9999999999995
0.5943528176916609,0.01338930032591717,2.6,1.125,6.986999999999999,4.368,2.6,0.006499999999999998,0.033800000000000004,0.08100000000000002,0.95,0.95,0.7449843185092949,0.2,0.005463076200797153,0.8118092146418778,5.539999999999999,2623.9999999999995
0.5950208601185561,0.01356395121520927,2.6,1.125,6.986999999999999,4.368,2.6,0.006499999999999998,0.033800000000000004,0.08100000000000002,0.95,0.95,0.7514474249416664,0.2,0.005516997437713169,0.8036917399636369,5.539999999999999,2623.9999999999995
0.5962849683714875,0.013380905763406777,2.6,1.125,6.986999999999999,4.368,2.6,0.006499999999999998,0.033800000000000004,0.08100000000000002,0.95,0.95,0.7493796399693177,0.2,0.005460207843020086,0.7956948735365783,5.539999999999999,2623.9999999999995
0.6009118352600529,0.01349319250577286,2.6,1.125,6.986999999999999,4.368,2.6,0.006499999999999998,0.033800000000000004,0.08100000000000002,0.95,0.95,0.7481778858431062,0.2,0.005521166207710456,0.7877775492221916,5.539999999999999,2623.9999999999995
0.5911713046689385,0.013385572045804331,2.6,1.125,6.986999999999999,4.368,2.6,0.006499999999999998,0.033800000000000004,0.08100000000000002,0.95,0.95,0.754828824649597,0.2,0.005377755523487199,0.7799390593975405,5.539999999999999,2623.9999999999995
0.5381931936764308,0.013295673802307704,2.6,1.125,6.986999999999999,4.368,2.6,0.006499999999999998,0.033800000000000004,0.08100000000000002,0.95,0.95,0.7543509631010485,0.2,0.005757895600593846,0.7722018495686167,5.539999999999999,2623.9999999999995
0.6011210020120368,0.013581831699989489,2.6,1.125,6.986999999999999,4.368,2.6,0.006499999999999998,0.033800000000000004,0.08100000000000002,0.95,0.95,0.7626162963715719,0.2,0.005565835042432884,0.7644952312815878,5.539999999999999,2623.9999999999995
0.5948932001557887,0.013642204788609126,2.6,1.125,6.986999999999999,4.368,2.6,0.006499999999999998,0.033800000000000004,0.08100000000000002,0.95,0.95,0.7432392485885015,0.2,0.005376500599873684,0.7568883766310733,5.539999999999999,2623.9999999999995
0.5978101569586365,0.013627491347897655,2.6,1.125,6.986999999999999,4.368,2.6,0.006499999999999998,0.033800000000000004,0.08100000000000002,0.95,0.95,0.7502148607078466,0.2,0.0054402292797082075,0.7493572114515534,5.539999999999999,2623.9999999999995
0.6014847855510876,0.013470284534361535,2.6,1.125,6.986999999999999,4.368,2.6,0.006499999999999998,0.033800000000000004,0.08100000000000002,0.95,0.95,0.75536606121334,0.2,0.005369717180147993,0.7419009826163506,5.539999999999999,2623.9999999999995
0.5832939088469898,0.014246154847573814,2.6,1.125,6.986999999999999,4.368,2.6,0.006499999999999998,0.033800000000000004,0.08100000000000002,0.95,0.95,0.7277301885857603,0.2,0.0058457351825479936,0.7332954072401736,5.539999999999999,2623.9999999999995
0.6032596876320531,0.013551873472981363,2.6,1.125,6.986999999999999,4.368,2.6,0.006499999999999998,0.033800000000000004,0.08100000000000002,0.95,0.95,0.7561005049852804,0.2,0.005447794242197889,0.727210358885525,5.539999999999999,2623.9999999999995
0.5994428527355663,0.01347126930503375,2.6,1.125,6.986999999999999,4.368,2.6,0.006499999999999998,0.033800000000000004,0.08100000000000002,0.95,0.95,0.7384902362356154,0.2,0.005483724928811479,0.7199744949152869,5.539999999999999,2623.9999999999995
0.5870240054903194,0.013329794138893554,2.6,1.125,6.986999999999999,4.368,2.6,0.006499999999999998,0.033800000000000004,0.08100000000000002,0.95,0.95,0.7544668058464595,0.2,0.005490055710401085,0.7129521130959572,5.539999999999999,2623.9999999999995
0.6086688616835314,0.013485009324103856,2.6,1.125,6.986999999999999,4.368,2.6,0.006499999999999998,0.033800000000000004,0.08100000000000002,0.95,0.95,0.7396457854341936,0.2,0.005522287213430745,0.7057180447306655,5.539999999999999,2623.9999999999995
0.599902038492514,0.013437224206361335,2.6,1.125,6.986999999999999,4.368,2.6,0.006499999999999998,0.033800000000000004,0.08100000000000002,0.95,0.95,0.7500908076746787,0.2,0.005436005040752128,0.6986960328593833,5.539999999999999,2623.9999999999995
0.5515663737465459,0.01463283764428149,2.6,1.125,6.986999999999999,4.368,2.6,0.006499999999999998,0.033800000000000004,0.08100000000000002,0.95,0.95,0.8025798249025314,0.2,0.005774810905710289,0.6906978778483615,5.539999999999999,2623.9999999999995
0.6012824011878535,0.013615001147644329,2.6,1.125,6.986999999999999,4.368,2.6,0.006499999999999998,0.033800000000000004,0.08100000000000002,0.95,0.95,0.7515567159259218,0.2,0.005610066061542364,0.6848609244534606,5.539999999999999,2623.9999999999995
0.5983422880476694,0.013404351135125971,2.6,1.125,6.986999999999999,4.368,2.6,0.006499999999999998,0.033800000000000004,0.08100000000000002,0.95,0.95,0.7504189303126086,0.2,0.005458337648254702,0.6781299608797801,5.539999999999999,2623.9999999999995
0.5717921945494158,0.015157090312784482,2.6,1.125,6.986999999999999,4.368,2.6,0.006499999999999998,0.033800000000000004,0.08100000000000002,0.95,0.95,0.7409706506639446,0.2,0.006147633917926685,0.6384363050012762,5.539999999999999,2623.9999999999995
0.6045011528496251,0.013596503340661028,2.6,1.125,6.986999999999999,4.368,2.6,0.006499999999999998,0.033800000000000004,0.08100000000000002,0.95,0.95,0.7521614675849143,0.2,0.0054239551329955515,0.9621937056820449,5.539999999999999,2623.9999999999995
0.6063977251437865,0.013640264588076786,2.6,1.125,6.986999999999999,4.368,2.6,0.006499999999999998,0.033800000000000004,0.08100000000000002,0.95,0.95,0.7400305036038857,0.2,0.005538806980991955,0.9718639131914842,5.539999999999999,2623.9999999999995
0.6020578951485754,0.013611104386297108,2.6,1.125,6.986999999999999,4.368,2.6,0.006499999999999998,0.033800000000000004,0.08100000000000002,0.95,0.95,0.7451017719906401,0.2,0.005582394003032996,0.981631307902132,5.539999999999999,2623.9999999999995
0.5883053756885016,0.01338559627118386,2.6,1.125,6.986999999999999,4.368,2.6,0.006499999999999998,0.033800000000000004,0.08100000000000002,0.95,0.95,0.7497211951597157,0.2,0.005432990978962571,0.991496866561599,5.539999999999999,2623.9999999999995
0.5934171944053973,0.014032987434053337,2.6,1.125,6.986999999999999,4.368,2.6,0.006499999999999998,0.033800000000000004,0.08100000000000002,0.95,0.95,0.7640293663799963,0.2,0.005346525965549452,1.0019189403065036,5.539999999999999,2623.9999999999995
0.5993289641201905,0.013445566623819537,2.6,1.125,6.986999999999999,4.368,2.6,0.006499999999999998,0.033800000000000004,0.08100000000000002,0.95,0.95,0.7331227443163206,0.2,0.005519745674714176,1.0115264312037673,5.539999999999999,2623.9999999999995
0.5917005983944489,0.013565499628340996,2.6,1.125,6.986999999999999,4.368,2.6,0.006499999999999998,0.033800000000000004,0.08100000000000002,0.95,0.95,0.7523219618199418,0.2,0.005435964199702597,1.0216924415491047,5.539999999999999,2623.9999999999995
0.6022335028986161,0.013419481291533456,2.6,1.125,6.986999999999999,4.368,2.6,0.006499999999999998,0.033800000000000004,0.08100000000000002,0.95,0.95,0.7635402155698299,0.2,0.005500733447031665,1.0317884398101735,5.539999999999999,2623.9999999999995
0.5931599302694845,0.013235577329697714,2.6,1.125,6.986999999999999,4.368,2.6,0.006499999999999998,0.033800000000000004,0.08100000000000002,0.95,0.95,0.7572206080063801,0.2,0.0055885237311929375,1.0423319979636045,5.539999999999999,2623.9999999999995
0.6013695631179542,0.01351732634468026,2.6,1.125,6.986999999999999,4.368,2.6,0.006499999999999998,0.033800000000000004,0.08100000000000002,0.95,0.95,0.7389851663778892,0.2,0.005443923310843662,1.052807608400215,5.539999999999999,2623.9999999999995
0.5964286904699139,0.013712313841053626,2.6,1.125,6.986999999999999,4.368,2.6,0.006499999999999998,0.033800000000000004,0.08100000000000002,0.95,0.95,0.7510079739924878,0.2,0.005499003958055169,1.0631144114429807,5.539999999999999,2623.9999999999995
0.5995574901651519,0.013556673282933581,2.6,1.125,6.986999999999999,4.368,2.6,0.006499999999999998,0.033800000000000004,0.08100000000000002,0.95,0.95,0.7330850466165227,0.2,0.005437738333118213,1.0740149744145642,5.539999999999999,2623.9999999999995
0.5907375643547608,0.013429009545559853,2.6,1.125,6.986999999999999,4.368,2.6,0.006499999999999998,0.033800000000000004,0.08100000000000002,0.95,0.95,0.7569941557446498,0.2,0.005459120376794576,1.084870373765998,5.539999999999999,2623.9999999999995
0.5979355791309641,0.013332538199469885,2.6,1.125,6.986999999999999,4.368,2.6,0.006499999999999998,0.033800000000000004,0.08100000000000002,0.95,0.95,0.7467007716552995,0.2,0.00554654438294471,1.095576985819332,5.539999999999999,2623.9999999999995
0.5924170133545641,0.013629038199983495,2.6,1.125,6.986999999999999,4.368,2.6,0.006499999999999998,0.033800000000000004,0.08100000000000002,0.95,0.95,0.7437726965966867,0.2,0.00559506618707247,1.1067862090713987,5.539999999999999,2623.9999999999995
0.6023516678862634,0.013483593192373798,2.6,1.125,6.986999999999999,4.368,2.6,0.006499999999999998,0.033800000000000004,0.08100000000000002,0.95,0.95,0.7569452030391639,0.2,0.005445554729275262,1.117909595399019,5.539999999999999,2623.9999999999995
0.5879159169920527,0.013321902806462093,2.6,1.125,6.986999999999999,4.368,2.6,0.006499999999999998,0.033800000000000004,0.08100000000000002,0.95,0.95,0.7547957819626795,0.2,0.005535620640903055,1.129144773617774,5.539999999999999,2623.9999999999995
0.5983413871766623,0.013291929646451173,2.6,1.125,6.986999999999999,4.368,2.6,0.006499999999999998,0.033800000000000004,0.08100000000000002,0.95,0.95,0.7501855888825583,0.2,0.005519799028497821,1.1403718722736835,5.539999999999999,2623.9999999999995
0.5982336959078471,0.013637428759052416,2.6,1.125,6.986999999999999,4.368,2.6,0.006499999999999998,0.033800000000000004,0.08100000000000002,0.95,0.95,0.7339113392417888,0.2,0.005556102646820009,1.1519550111290608,5.539999999999999,2623.9999999999995
0.6076228387453234,0.013550822030587493,2.6,1.125,6.986999999999999,4.368,2.6,0.006499999999999998,0.033800000000000004,0.08100000000000002,0.95,0.95,0.7405806827446123,0.2,0.005546843941383054,1.1635323514643525,5.539999999999999,2623.9999999999995
0.5976605210855741,0.013686683935659324,2.6,1.125,6.986999999999999,4.368,2.6,0.006499999999999998,0.033800000000000004,0.08100000000000002,0.95,0.95,0.7452389285501075,0.2,0.005420124702235621,1.1752260460044044,5.539999999999999,2623.9999999999995
0.5937403179065559,0.013245651423907597,2.6,1.125,6.986999999999999,4.368,2.6,0.006499999999999998,0.033800000000000004,0.08100000000000002,0.95,0.95,0.7429436711076423,0.2,0.005471511254948248,1.1873418518971444,5.539999999999999,2623.9999999999995
0.5902644543039942,0.013283943665495051,2.6,1.125,6.986999999999999,4.368,2.6,0.006499999999999998,0.033800000000000004,0.08100000000000002,0.95,0.95,0.7415312903816069,0.2,0.0054393282421032856,1.198967186968039,5.539999999999999,2623.9999999999995
0.5951903903150396,0.013348063452004157,2.6,1.125,6.986999999999999,4.368,2.6,0.006499999999999998,0.033800000000000004,0.08100000000000002,0.95,0.95,0.7456337709466004,0.2,0.00562205872810349,1.2107445161015205,5.539999999999999,2623.9999999999995
0.6006105230623773,0.013553676391962997,2.6,1.125,6.986999999999999,4.368,2.6,0.006499999999999998,0.033800000000000004,0.08100000000000002,0.95,0.95,0.7409932591660291,0.2,0.005463910912386605,1.2231879307929032,5.539999999999999,2623.9999999999995
0.5876421622701841,0.013638591883006378,2.6,1.125,6.986999999999999,4.368,2.6,0.006499999999999998,0.033800000000000004,0.08100000000000002,0.95,0.95,0.7483685439910049,0.2,0.005396085964102674,1.235169449320488,5.539999999999999,2623.9999999999995
0.605439569953426,0.013400943390081903,2.6,1.125,6.986999999999999,4.368,2.6,0.006499999999999998,0.033800000000000004,0.08100000000000002,0.95,0.95,0.7478210156496857,0.2,0.0054870508379313435,1.2478979660994747,5.539999999999999,2623.9999999999995
0.6051076545818344,0.013355832750415589,2.6,1.125,6.986999999999999,4.368,2.6,0.006499999999999998,0.033800000000000004,0.08100000000000002,0.95,0.95,0.7425395626498618,0.2,0.00540252003534676,1.260889143609246,5.539999999999999,2623.9999999999995
0.5994682755236094,0.013859564704504087,2.6,1.125,6.986999999999999,4.368,2.6,0.006499999999999998,0.033800000000000004,0.08100000000000002,0.95,0.95,0.7438088813379464,0.2,0.005454127529799708,1.2731071772313471,5.539999999999999,2623.9999999999995
0.5938393270918781,0.013449317636869098,2.6,1.125,6.986999999999999,4.368,2.6,0.006499999999999998,0.033800000000000004,0.08100000000000002,0.95,0.95,0.7547645576293881,0.2,0.005469070998447918,1.2859023671339374,5.539999999999999,2623.9999999999995
0.5850905614313818,0.013241015277583703,2.6,1.125,6.986999999999999,4.368,2.6,0.006499999999999998,0.033800000000000004,0.08100000000000002,0.95,0.95,0.7458976901014015,0.2,0.005505951859262348,1.2988256482091007,5.539999999999999,2623.9999999999995
0.595303205184735,0.013407021030178618,2.6,1.125,6.986999999999999,4.368,2.6,0.006499999999999998,0.033800000000000004,0.08100000000000002,0.95,0.95,0.7459822821922913,0.2,0.0054366911072805,1.3123782947742428,5.539999999999999,2623.9999999999995
0.6092489627988239,0.013329408198888379,2.6,1.125,6.986999999999999,4.368,2.6,0.006499999999999998,0.033800000000000004,0.08100000000000002,0.95,0.95,0.7434989463718992,0.2,0.0055117288138464135,1.3250636667640443,5.539999999999999,2623.9999999999995
0.5966479364321241,0.013553383460645966,2.6,1.125,6.986999999999999,4.368,2.6,0.006499999999999998,0.033800000000000004,0.08100000000000002,0.95,0.95,0.739084341549604,0.2,0.005486850075655032,1.3377908421873919,5.539999999999999,2623.9999999999995
0.6610096446602627,0.015999145252770495,2.6,1.125,6.986999999999999,4.368,2.6,0.006499999999999998,0.033800000000000004,0.08100000000000002,0.95,0.95,0.6769041114084073,0.2,0.005259385026371227,1.4189762298909736,5.539999999999999,2623.9999999999995
0.6011040452596663,0.013501147723304126,2.6,1.125,6.986999999999999,4.368,2.6,0.006499999999999998,0.033800000000000004,0.08100000000000002,0.95,0.95,0.7442529055808247,0.2,0.005406644093277434,0.9402444398781095,5.539999999999999,2623.9999999999995
0.5922892357376467,0.012971758963799426,2.6,1.125,6.986999999999999,4.368,2.6,0.006499999999999998,0.033800000000000004,0.08100000000000002,0.95,0.95,0.735699178076394,0.2,0.005455172249786684,0.9606013276584899,5.539999999999999,2623.9999999999995
0.5982738162798997,0.01246312901964797,2.6,1.125,6.986999999999999,4.368,2.6,0.006499999999999998,0.033800000000000004,0.08100000000000002,0.95,0.95,0.743267370925302,0.2,0.005487204509686271,0.960754673637185,5.539999999999999,2623.9999999999995
0.5894696467249925,0.011974442740870618,2.6,1.125,6.986999999999999,4.368,2.6,0.006499999999999998,0.033800000000000004,0.08100000000000002,0.95,0.95,0.7501640267823004,0.2,0.0054358673651538555,0.9534959880777586,5.539999999999999,2623.9999999999995
0.585087502092031,0.011518634112133944,2.6,1.125,6.986999999999999,4.368,2.6,0.006499999999999998,0.033800000000000004,0.08100000000000002,0.95,0.95,0.7571536279040042,0.2,0.005299006248443235,1.0633384279676725,5.539999999999999,2623.9999999999995
0.6034626829733722,0.011053803832968466,2.6,1.125,6.986999999999999,4.368,2.6,0.006499999999999998,0.033800000000000004,0.08100000000000002,0.95,0.95,0.7609660674158116,0.2,0.005567418499014619,0.9586624728133954,5.539999999999999,2623.9999999999995
0.5838624658489319,0.010620377976462562,2.6,1.125,6.986999999999999,4.368,2.6,0.006499999999999998,0.033800000000000004,0.08100000000000002,0.95,0.95,0.7364473078469511,0.2,0.005520398619835177,0.9796249672943246,5.539999999999999,2623.9999999999995
0.5951071869249215,0.010203947007964431,2.6,1.125,6.986999999999999,4.368,2.6,0.006499999999999998,0.033800000000000004,0.08100000000000002,0.95,0.95,0.7513756381842868,0.2,0.0055117158585894456,0.9598174377537093,5.539999999999999,2623.9999999999995
0.6071279037369125,0.009803844522922172,2.6,1.125,6.986999999999999,4.368,2.6,0.006499999999999998,0.033800000000000004,0.08100000000000002,0.95,0.95,0.7395954457779963,0.2,0.005464938773954278,0.9834617429233713,5.539999999999999,2623.9999999999995
0.5895643401115834,0.00941943028071497,2.6,1.125,6.986999999999999,4.368,2.6,0.006499999999999998,0.033800000000000004,0.08100000000000002,0.95,0.95,0.748279250484213,0.2,0.005495814785457844,0.9638387778295952,5.539999999999999,2623.9999999999995
0.5941100307578615,0.009050089136542545,2.6,1.125,6.986999999999999,4.368,2.6,0.006499999999999998,0.033800000000000004,0.08100000000000002,0.95,0.95,0.7311991886052495,0.2,0.005492575202060388,0.9722597725049203,5.539999999999999,2623.9999999999995
0.5929690862300436,0.008695364628396873,2.6,1.125,6.986999999999999,4.368,2.6,0.006499999999999998,0.033800000000000004,0.08100000000000002,0.95,0.95,0.7480877253756676,0.2,0.005530254505926,0.9628395054595109,5.539999999999999,2623.9999999999995
0.5948679184493239,0.008354384381078465,2.6,1.125,6.986999999999999,4.368,2.6,0.006499999999999998,0.033800000000000004,0.08100000000000002,0.95,0.95,0.7547959652024796,0.2,0.005481291440478262,0.9666527445792642,5.539999999999999,2623.9999999999995
0.6074295389958158,0.008026709009311517,2.6,1.125,6.986999999999999,4.368,2.6,0.006499999999999998,0.033800000000000004,0.08100000000000002,0.95,0.95,0.7594041848923567,0.2,0.005508553512294071,0.9527164781663934,5.539999999999999,2623.9999999999995
0.5923203587338846,0.007714678273437827,2.6,1.125,6.986999999999999,4.368,2.6,0.006499999999999998,0.033800000000000004,0.08100000000000002,0.95,0.95,0.7483610267697963,0.2,0.005404458989756002,0.9459946607181939,5.539999999999999,2623.9999999999995
0.6262584992513179,0.007412125090596793,2.6,1.125,6.986999999999999,4.368,2.6,0.006499999999999998,0.033800000000000004,0.08100000000000002,0.95,0.95,0.780527039453937,0.2,0.0052508740382474365,0.9980931322074712,5.539999999999999,2623.9999999999995
0.6053085620400985,0.007119026723574169,2.6,1.125,6.986999999999999,4.368,2.6,0.006499999999999998,0.033800000000000004,0.08100000000000002,0.95,0.95,0.7578307950958798,0.2,0.005504731103393458,0.9765134183406248,5.539999999999999,2623.9999999999995
0.5989181180925164,0.006839910228123945,2.6,1.125,6.986999999999999,4.368,2.6,0.006499999999999998,0.033800000000000004,0.08100000000000002,0.95,0.95,0.7613184844543114,0.2,0.005482540709550803,0.9575529330916865,5.539999999999999,2623.9999999999995
0.5884798261236805,0.006571226896019506,2.6,1.125,6.986999999999999,4.368,2.6,0.006499999999999998,0.033800000000000004,0.08100000000000002,0.95,0.95,0.730979757845319,0.2,0.00548801856615583,0.9978394100679369,5.539999999999999,2623.9999999999995
0.5864742199002033,0.0063118525322951495,2.6,1.125,6.986999999999999,4.368,2.6,0.006499999999999998,0.033800000000000004,0.08100000000000002,0.95,0.95,0.7456850914599475,0.2,0.0054540398660215235,0.9636973862914909,5.539999999999999,2623.9999999999995
0.5927289648260746,0.006066456103771077,2.6,1.125,6.986999999999999,4.368,2.6,0.006499999999999998,0.033800000000000004,0.08100000000000002,0.95,0.95,0.7443922031868639,0.2,0.005483942312635612,0.9604973932489945,5.539999999999999,2623.9999999999995
0.5180111319437691,0.005821792380647706,2.6,1.125,6.986999999999999,4.368,2.6,0.006499999999999998,0.033800000000000004,0.08100000000000002,0.95,0.95,0.7660662619826207,0.2,0.005379505556836126,0.9219250081919276,5.539999999999999,2623.9999999999995
0.5958250681332092,0.005600044852057708,2.6,1.125,6.986999999999999,4.368,2.6,0.006499999999999998,0.033800000000000004,0.08100000000000002,0.95,0.95,0.7475777095036172,0.2,0.005400305828751151,0.9729655016289993,5.539999999999999,2623.9999999999995
0.598972918549121,0.005380123869183198,2.6,1.125,6.986999999999999,4.368,2.6,0.006499999999999998,0.033800000000000004,0.08100000000000002,0.95,0.95,0.7535737785042039,0.2,0.0055479605542027716,0.959685463725046,5.539999999999999,2623.9999999999995
0.6091056233081287,0.005169492853594889,2.6,1.125,6.986999999999999,4.368,2.6,0.006499999999999998,0.033800000000000004,0.08100000000000002,0.95,0.95,0.7480948901726892,0.2,0.005469579216384014,0.9697403128737676,5.539999999999999,2623.9999999999995
0.5919147157173664,0.004966804322432819,2.6,1.125,6.986999999999999,4.368,2.6,0.006499999999999998,0.033800000000000004,0.08100000000000002,0.95,0.95,0.7534819292574583,0.2,0.005468447974002848,0.9720524094948126,5.539999999999999,2623.9999999999995
0.6037571102657376,0.004772043438613181,2.6,1.125,6.986999999999999,4.368,2.6,0.006499999999999998,0.033800000000000004,0.08100000000000002,0.95,0.95,0.7504231691996305,0.2,0.005373040130660549,0.9555975678794204,5.539999999999999,2623.9999999999995
0.6044637953239995,0.004584928938995682,2.6,1.125,6.986999999999999,4.368,2.6,0.006499999999999998,0.033800000000000004,0.08100000000000002,0.95,0.95,0.7355967913278171,0.2,0.005500706665923037,0.9477570217502225,5.539999999999999,2623.9999999999995
0.6077849719755233,0.004405151303850917,2.6,1.125,6.986999999999999,4.368,2.6,0.006499999999999998,0.033800000000000004,0.08100000000000002,0.95,0.95,0.7510097560437814,0.2,0.0054919757135019065,0.9579231126415216,5.539999999999999,2623.9999999999995
0.6099625177763095,0.004232422815094679,2.6,1.125,6.986999999999999,4.368,2.6,0.006499999999999998,0.033800000000000004,0.08100000000000002,0.95,0.95,0.7446342539979693,0.2,0.005448947243448109,0.9649788053730922,5.539999999999999,2623.9999999999995
0.5825297282842411,0.004066467176891183,2.6,1.125,6.986999999999999,4.368,2.6,0.006499999999999998,0.033800000000000004,0.08100000000000002,0.95,0.95,0.7416892269692992,0.2,0.005466530170219607,0.9597657586429318,5.539999999999999,2623.9999999999995
0.5960234893286787,0.003907018718216611,2.6,1.125,6.986999999999999,4.368,2.6,0.006499999999999998,0.033800000000000004,0.08100000000000002,0.95,0.95,0.7565603956454223,0.2,0.005470594911051093,0.9600004269895358,5.539999999999999,2623.9999999999995
0.5957168566899722,0.013501113512890291,2.6,1.125,6.986999999999999,4.368,2.6,0.006499999999999998,0.033800000000000004,0.08100000000000002,0.95,0.95,0.7557086072149043,0.2,0.0055242190157636815,0.9687773944378614,5.539999999999999,2623.9999999999995
0.5940801914256946,0.01405213873048064,2.6,1.125,6.986999999999999,4.368,2.6,0.006499999999999998,0.033800000000000004,0.08100000000000002,0.95,0.95,0.7462595547445684,0.2,0.0056030322706857715,0.9560054944322202,5.539999999999999,2623.9999999999995
0.5979071545159377,0.0146256173911304,2.6,1.125,6.986999999999999,4.368,2.6,0.006499999999999998,0.033800000000000004,0.08100000000000002,0.95,0.95,0.7413441077924865,0.2,0.00548168071338729,0.9480925555555741,5.539999999999999,2623.9999999999995
0.5942688739518789,0.01522122425840091,2.6,1.125,6.986999999999999,4.368,2.6,0.006499999999999998,0.033800000000000004,0.08100000000000002,0.95,0.95,0.7608744246688054,0.2,0.005499629921913315,0.964828234391201,5.539999999999999,2623.9999999999995
0.5924475149281759,0.015843742176573528,2.6,1.125,6.986999999999999,4.368,2.6,0.006499999999999998,0.033800000000000004,0.08100000000000002,0.95,0.95,0.738012875804113,0.2,0.005528261627833896,0.9460945214782174,5.539999999999999,2623.9999999999995
0.598691619982736,0.01649070844160671,2.6,1.125,6.986999999999999,4.368,2.6,0.006499999999999998,0.033800000000000004,0.08100000000000002,0.95,0.95,0.7511476218578788,0.2,0.005534405356842186,0.979449016109525,5.539999999999999,2623.9999999999995
0.5966720123363826,0.0171640303660417,2.6,1.125,6.986999999999999,4.368,2.6,0.006499999999999998,0.033800000000000004,0.08100000000000002,0.95,0.95,0.7557265110464342,0.2,0.005522222546857706,0.9656545333454937,5.539999999999999,2623.9999999999995
0.6059162754597589,0.017863773273434545,2.6,1.125,6.986999999999999,4.368,2.6,0.006499999999999998,0.033800000000000004,0.08100000000000002,0.95,0.95,0.749618796237051,0.2,0.005459086290667557,0.9628165032171317,5.539999999999999,2623.9999999999995
0.6038570829773618,0.018593183437137138,2.6,1.125,6.986999999999999,4.368,2.6,0.006499999999999998,0.033800000000000004,0.08100000000000002,0.95,0.95,0.7564253657799395,0.2,0.00542761916162633,0.973832943858489,5.539999999999999,2623.9999999999995
0.5917046013245724,0.01934982927669663,2.6,1.125,6.986999999999999,4.368,2.6,0.006499999999999998,0.033800000000000004,0.08100000000000002,0.95,0.95,0.7564398294481763,0.2,0.0055977775241800865,0.937059654468011,5.539999999999999,2623.9999999999995
0.6033420617018718,0.020141105183256174,2.6,1.125,6.986999999999999,4.368,2.6,0.006499999999999998,0.033800000000000004,0.08100000000000002,0.95,0.95,0.7510752874956126,0.2,0.005537804308655305,0.9429725423385722,5.539999999999999,2623.9999999999995
0.595350139298157,0.02096349425385351,2.6,1.125,6.986999999999999,4.368,2.6,0.006499999999999998,0.033800000000000004,0.08100000000000002,0.95,0.95,0.7647391010190169,0.2,0.005475345467625036,0.9586216679180224,5.539999999999999,2623.9999999999995
0.5967316446099242,0.021818400070976348,2.6,1.125,6.986999999999999,4.368,2.6,0.006499999999999998,0.033800000000000004,0.08100000000000002,0.95,0.95,0.7465123970951009,0.2,0.005514297134843812,0.9502471612660817,5.539999999999999,2623.9999999999995
0.5998105854060346,0.022708389020145697,2.6,1.125,6.986999999999999,4.368,2.6,0.006499999999999998,0.033800000000000004,0.08100000000000002,0.95,0.95,0.7402472066340763,0.2,0.005473188527021225,0.961623945410726,5.539999999999999,2623.9999999999995
0.5922798958900803,0.023636085882073044,2.6,1.125,6.986999999999999,4.368,2.6,0.006499999999999998,0.033800000000000004,0.08100000000000002,0.95,0.95,0.7393857437748049,0.2,0.005484727780036288,0.9642521521039515,5.539999999999999,2623.9999999999995
0.5941207455921262,0.02460242703567648,2.6,1.125,6.986999999999999,4.368,2.6,0.006499999999999998,0.033800000000000004,0.08100000000000002,0.95,0.95,0.7463808252371165,0.2,0.005656038345806503,0.956311341776486,5.539999999999999,2623.9999999999995
0.5990693178215643,0.025604666166504395,2.6,1.125,6.986999999999999,4.368,2.6,0.006499999999999998,0.033800000000000004,0.08100000000000002,0.95,0.95,0.7495617290588511,0.2,0.005441928031956279,0.9842537974246507,5.539999999999999,2623.9999999999995
0.5957336526037336,0.02664961241569709,2.6,1.125,6.986999999999999,4.368,2.6,0.006499999999999998,0.033800000000000004,0.08100000000000002,0.95,0.95,0.750187292986511,0.2,0.005483574414216084,0.9714533721710789,5.539999999999999,2623.9999999999995
0.5878735303447231,0.027734585250484795,2.6,1.125,6.986999999999999,4.368,2.6,0.006499999999999998,0.033800000000000004,0.08100000000000002,0.95,0.95,0.7513966807205715,0.2,0.005509260771181701,0.9474470751719292,5.539999999999999,2623.9999999999995
0.6016844827991307,0.02886798915933956,2.6,1.125,6.986999999999999,4.368,2.6,0.006499999999999998,0.033800000000000004,0.08100000000000002,0.95,0.95,0.7533227868477341,0.2,0.005560346009439726,0.9650284698665035,5.539999999999999,2623.9999999999995
0.6012660775008789,0.0300473540945091,2.6,1.125,6.986999999999999,4.368,2.6,0.006499999999999998,0.033800000000000004,0.08100000000000002,0.95,0.95,0.7476021692012091,0.2,0.005448533026174336,0.9626784522745687,5.539999999999999,2623.9999999999995
0.6074788602797007,0.03127360987753884,2.6,1.125,6.986999999999999,4.368,2.6,0.006499999999999998,0.033800000000000004,0.08100000000000002,0.95,0.95,0.7514909721967511,0.2,0.005325107749712156,0.9571554463237436,5.539999999999999,2623.9999999999995
0.46723502631052216,0.032624337975977795,2.6,1.125,6.986999999999999,4.368,2.6,0.006499999999999998,0.033800000000000004,0.08100000000000002,0.95,0.95,0.7114697519121548,0.2,0.005877738959703602,0.8975163187998174,5.539999999999999,2623.9999999999995
0.5966706761013373,0.033878297139849675,2.6,1.125,6.986999999999999,4.368,2.6,0.006499999999999998,0.033800000000000004,0.08100000000000002,0.95,0.95,0.7417454990563016,0.2,0.005501646020307969,0.9691710588640907,5.539999999999999,2623.9999999999995
0.6015339855311292,0.035260896674446714,2.6,1.125,6.986999999999999,4.368,2.6,0.006499999999999998,0.033800000000000004,0.08100000000000002,0.95,0.95,0.7459112050444395,0.2,0.005393531722389736,0.9502709288153175,5.539999999999999,2623.9999999999995
0.5964418799143184,0.03670018258547167,2.6,1.125,6.986999999999999,4.368,2.6,0.006499999999999998,0.033800000000000004,0.08100000000000002,0.95,0.95,0.7530676412793238,0.2,0.005461577049304289,0.9576732499437061,5.539999999999999,2623.9999999999995
0.5982659135863797,0.013573840696327976,2.6,1.125,6.986999999999999,4.368,2.6,0.006499999999999998,0.033800000000000004,0.08100000000000002,0.95,0.95,0.7413199257785441,0.2,0.0055625700130857245,0.9725810135893824,5.539999999999999,2623.9999999999995
0.5911082105727735,0.013451594705060426,2.6,1.125,6.986999999999999,4.368,2.6,0.006499999999999998,0.033800000000000004,0.08100000000000002,0.95,0.95,0.7432394228311321,0.2,0.005500994222004347,0.9564134336118317,5.539999999999999,2623.9999999999995
0.5840597937904136,0.013547851425289076,2.6,1.125,6.986999999999999,4.368,2.6,0.006499999999999998,0.033800000000000004,0.08100000000000002,0.95,0.95,0.7417979697252048,0.2,0.00553346633478265,0.9596261150199205,5.539999999999999,2623.9999999999995
0.576595026591441,0.011329376065194954,2.6,1.125,6.986999999999999,4.368,2.6,0.006499999999999998,0.033800000000000004,0.08100000000000002,0.95,0.95,0.7518069389262869,0.2,0.00528264174477363,0.9299280272647065,5.539999999999999,2623.9999999999995
0.5702092303217321,0.013400674212328038,2.6,1.125,6.986999999999999,4.368,2.6,0.006499999999999998,0.033800000000000004,0.08100000000000002,0.95,0.95,0.7471425168539173,0.2,0.00547517040279109,0.9551653227445531,5.539999999999999,2623.9999999999995
0.5634074842416849,0.013177841035239293,2.6,1.125,6.986999999999999,4.368,2.6,0.006499999999999998,0.033800000000000004,0.08100000000000002,0.95,0.95,0.7383183890239513,0.2,0.0055491623297779956,0.9364248545765019,5.539999999999999,2623.9999999999995
0.5566871231351634,0.01331083566852702,2.6,1.125,6.986999999999999,4.368,2.6,0.006499999999999998,0.033800000000000004,0.08100000000000002,0.95,0.95,0.7335015041720825,0.2,0.0054254739989884095,0.9574286611996573,5.539999999999999,2623.9999999999995
0.5500467992843414,0.013383093603795288,2.6,1.125,6.986999999999999,4.368,2.6,0.006499999999999998,0.033800000000000004,0.08100000000000002,0.95,0.95,0.7320806017412299,0.2,0.005460353473313116,0.9618697090048124,5.539999999999999,2623.9999999999995
0.5434856829299161,0.013575325845383724,2.6,1.125,6.986999999999999,4.368,2.6,0.006499999999999998,0.033800000000000004,0.08100000000000002,0.95,0.95,0.7428187349556145,0.2,0.005453940822061976,0.9640399124910144,5.539999999999999,2623.9999999999995
0.5372737764679454,0.014838748998498949,2.6,1.125,6.986999999999999,4.368,2.6,0.006499999999999998,0.033800000000000004,0.08100000000000002,0.95,0.95,0.7702169477244507,0.2,0.005606754065492794,0.8212061383389381,5.539999999999999,2623.9999999999995
0.5305868541886557,0.013541757695016393,2.6,1.125,6.986999999999999,4.368,2.6,0.006499999999999998,0.033800000000000004,0.08100000000000002,0.95,0.95,0.7393230567957175,0.2,0.005554610407276397,0.9554523767533469,5.539999999999999,2623.9999999999995
0.5242681888717444,0.013474007561750925,2.6,1.125,6.986999999999999,4.368,2.6,0.006499999999999998,0.033800000000000004,0.08100000000000002,0.95,0.95,0.7442658067167216,0.2,0.005432445447369628,0.9657611160722355,5.539999999999999,2623.9999999999995
0.5180145673775266,0.013562962883045012,2.6,1.125,6.986999999999999,4.368,2.6,0.006499999999999998,0.033800000000000004,0.08100000000000002,0.95,0.95,0.7354767534162303,0.2,0.005449952930876825,0.9611766978649723,5.539999999999999,2623.9999999999995
0.511881684339483,0.01384314377289364,2.6,1.125,6.986999999999999,4.368,2.6,0.006499999999999998,0.033800000000000004,0.08100000000000002,0.95,0.95,0.737378327906833,0.2,0.005502654016497027,0.9603381631781008,5.539999999999999,2623.9999999999995
0.5057302116086583,0.01342082427411583,2.6,1.125,6.986999999999999,4.368,2.6,0.006499999999999998,0.033800000000000004,0.08100000000000002,0.95,0.95,0.7646027283356571,0.2,0.0053870229391513105,0.9656876244422827,5.539999999999999,2623.9999999999995
0.4996977300703105,0.01333300197976785,2.6,1.125,6.986999999999999,4.368,2.6,0.006499999999999998,0.033800000000000004,0.08100000000000002,0.95,0.95,0.7494703946386331,0.2,0.005567843995883607,0.9767911329610239,5.539999999999999,2623.9999999999995
0.49373718636585723,0.01324184275208475,2.6,1.125,6.986999999999999,4.368,2.6,0.006499999999999998,0.033800000000000004,0.08100000000000002,0.95,0.95,0.7445827611200581,0.2,0.005439340864807025,0.9515628037364539,5.539999999999999,2623.9999999999995
0.4878477474361428,0.013367871866752493,2.6,1.125,6.986999999999999,4.368,2.6,0.006499999999999998,0.033800000000000004,0.08100000000000002,0.95,0.95,0.7387877480380713,0.2,0.005500651834390118,0.9599165832339493,5.539999999999999,2623.9999999999995
0.48296091408374553,0.015705432954119865,2.6,1.125,6.986999999999999,4.368,2.6,0.006499999999999998,0.033800000000000004,0.08100000000000002,0.95,0.95,0.7526620792698395,0.2,0.005423333312381888,0.95661197569431,5.539999999999999,2623.9999999999995
0.47627874258647246,0.013531468991890441,2.6,1.125,6.986999999999999,4.368,2.6,0.006499999999999998,0.033800000000000004,0.08100000000000002,0.95,0.95,0.7340540244748252,0.2,0.005561819707723153,0.9693583118733139,5.539999999999999,2623.9999999999995
0.47059759426188125,0.013364683258318865,2.6,1.125,6.986999999999999,4.368,2.6,0.006499999999999998,0.033800000000000004,0.08100000000000002,0.95,0.95,0.7463718668028293,0.2,0.005455383255078662,0.9651975794323943,5.539999999999999,2623.9999999999995
0.4649841710310408,0.013460255513845788,2.6,1.125,6.986999999999999,4.368,2.6,0.006499999999999998,0.033800000000000004,0.08100000000000002,0.95,0.95,0.7465826005150671,0.2,0.005583248992430996,0.9700744745001932,5.539999999999999,2623.9999999999995
0.45943770632432535,0.013646056486828003,2.6,1.125,6.986999999999999,4.368,2.6,0.006499999999999998,0.033800000000000004,0.08100000000000002,0.95,0.95,0.7460695449324636,0.2,0.005557929954097051,0.9719864654854395,5.539999999999999,2623.9999999999995
0.4541215669028473,0.013644590184404974,2.6,1.125,6.986999999999999,4.368,2.6,0.006499999999999998,0.033800000000000004,0.08100000000000002,0.95,0.95,0.7407462334375521,0.2,0.005560858391154831,0.9625180776354888,5.539999999999999,2623.9999999999995
0.44854246720838986,0.013510606005320589,2.6,1.125,6.986999999999999,4.368,2.6,0.006499999999999998,0.033800000000000004,0.08100000000000002,0.95,0.95,0.741586890902263,0.2,0.005543843748384974,0.9505062714678556,5.539999999999999,2623.9999999999995
0.44319212386591006,0.013388711062974224,2.6,1.125,6.986999999999999,4.368,2.6,0.006499999999999998,0.033800000000000004,0.08100000000000002,0.95,0.95,0.7488648457759896,0.2,0.005485257626804998,0.9768437995791536,5.539999999999999,2623.9999999999995
0.4379056009551066,0.013451135997361325,2.6,1.125,6.986999999999999,4.368,2.6,0.006499999999999998,0.033800000000000004,0.08100000000000002,0.95,0.95,0.737845256984513,0.2,0.005505804653766837,0.9516007827353237,5.539999999999999,2623.9999999999995
0.43263809790813584,0.013345980087426549,2.6,1.125,6.986999999999999,4.368,2.6,0.006499999999999998,0.033800000000000004,0.08100000000000002,0.95,0.95,0.7552073866394815,0.2,0.005476784689678352,0.9431295462951315,5.539999999999999,2623.9999999999995
0.4274739747827572,0.01346269081289374,2.6,1.125,6.986999999999999,4.368,2.6,0.006499999999999998,0.033800000000000004,0.08100000000000002,0.95,0.95,0.7421903337705855,0.2,0.005508302599072675,0.9594290636046012,5.539999999999999,2623.9999999999995
0.42245585242501554,0.013479774844504987,2.6,1.125,6.986999999999999,4.368,2.6,0.006499999999999998,0.033800000000000004,0.08100000000000002,0.95,0.95,0.7411893287863478,0.2,0.0055099137696220804,0.9541630872160084,5.539999999999999,2623.9999999999995
0.41738262601793874,0.013408720766708236,2.6,1.125,6.986999999999999,4.368,2.6,0.006499999999999998,0.033800000000000004,0.08100000000000002,0.95,0.95,0.7448264350531744,0.2,0.005432264109997966,0.9639218733201124,5.539999999999999,2623.9999999999995
0.41247637414273486,0.013418410424250784,2.6,1.125,6.986999999999999,4.368,2.6,0.006499999999999998,0.033800000000000004,0.08100000000000002,0.95,0.95,0.7449668897147741,0.2,0.005645391661617836,0.9418095334239944,5.539999999999999,2623.9999999999995
0.4073699005813893,0.013191752949506344,2.6,1.125,6.986999999999999,4.368,2.6,0.006499999999999998,0.033800000000000004,0.08100000000000002,0.95,0.95,0.7523610204180065,0.2,0.005522727359525225,0.9572908817023038,5.539999999999999,2623.9999999999995
0.40262409673724414,0.013422862486493187,2.6,1.125,6.986999999999999,4.368,2.6,0.006499999999999998,0.033800000000000004,0.08100000000000002,0.95,0.95,0.7353714627765058,0.2,0.005469279928403536,0.9592891087591204,5.539999999999999,2623.9999999999995
0.3978214809026564,0.01361734690825692,2.6,1.125,6.986999999999999,4.368,2.6,0.006499999999999998,0.033800000000000004,0.08100000000000002,0.95,0.95,0.7534688701059189,0.2,0.005454613504242883,0.9719927709110001,5.539999999999999,2623.9999999999995
0.39307615204875757,0.013370360678916712,2.6,1.125,6.986999999999999,4.368,2.6,0.006499999999999998,0.033800000000000004,0.08100000000000002,0.95,0.95,0.7418206463899232,0.2,0.005553376544722266,0.9580751036324391,5.539999999999999,2623.9999999999995
0.38838742683999256,0.013512642686425677,2.6,1.125,6.986999999999999,4.368,2.6,0.006499999999999998,0.033800000000000004,0.08100000000000002,0.95,0.95,0.7509860257228027,0.2,0.005434143445221693,0.9712159484072124,5.539999999999999,2623.9999999999995
0.38375463009182914,0.013597956789432838,2.6,1.125,6.986999999999999,4.368,2.6,0.006499999999999998,0.033800000000000004,0.08100000000000002,0.95,0.95,0.7483505224407035,0.2,0.005472734933029841,0.9713366862365826,5.539999999999999,2623.9999999999995
0.37920904950453954,0.01355257811813649,2.6,1.125,6.986999999999999,4.368,2.6,0.006499999999999998,0.033800000000000004,0.08100000000000002,0.95,0.95,0.7478164180671834,0.2,0.00543704269838396,0.9664503827133932,5.539999999999999,2623.9999999999995
0.3746758120886325,0.013542541891135396,2.6,1.125,6.986999999999999,4.368,2.6,0.006499999999999998,0.033800000000000004,0.08100000000000002,0.95,0.95,0.7356333375768305,0.2,0.005479127607185568,0.967735906835927,5.539999999999999,2623.9999999999995
0.5982471223061766,0.01357750053872584,2.6,1.125,6.986999999999999,4.368,2.6,0.006499999999999998,0.033800000000000004,0.08100000000000002,0.95,0.95,0.7366696849248274,0.2,0.005506371163928932,0.9825903227551226,5.539999999999999,2623.9999999999995
0.6054348361350281,0.010894266462299197,2.6,1.125,6.986999999999999,4.368,2.6,0.006499999999999998,0.033800000000000004,0.08100000000000002,0.95,0.95,0.7812229774284877,0.2,0.00567875874636525,0.8556771765038036,5.539999999999999,2623.9999999999995
0.6127783965997634,0.01331653466008394,2.6,1.125,6.986999999999999,4.368,2.6,0.006499999999999998,0.033800000000000004,0.08100000000000002,0.95,0.95,0.7450214462941358,0.2,0.005460105463211169,0.9797869721573373,5.539999999999999,2623.9999999999995
0.6201760344144077,0.013353438642942028,2.6,1.125,6.986999999999999,4.368,2.6,0.006499999999999998,0.033800000000000004,0.08100000000000002,0.95,0.95,0.7638216477533327,0.2,0.005533074848823584,0.9689629305493594,5.539999999999999,2623.9999999999995
0.627662978649677,0.01351307237274496,2.6,1.125,6.986999999999999,4.368,2.6,0.006499999999999998,0.033800000000000004,0.08100000000000002,0.95,0.95,0.7512931197232552,0.2,0.005410836203049853,0.9673273319740472,5.539999999999999,2623.9999999999995
0.6352403074384787,0.013645719204922694,2.6,1.125,6.986999999999999,4.368,2.6,0.006499999999999998,0.033800000000000004,0.08100000000000002,0.95,0.95,0.7455576858365153,0.2,0.005487579014169984,0.9570715009769812,5.539999999999999,2623.9999999999995
0.6428897481000083,0.013706192871356444,2.6,1.125,6.986999999999999,4.368,2.6,0.006499999999999998,0.033800000000000004,0.08100000000000002,0.95,0.95,0.7637709344002654,0.2,0.005468998997772951,0.9681614138122171,5.539999999999999,2623.9999999999995
0.6506704964430955,0.013338606545518533,2.6,1.125,6.986999999999999,4.368,2.6,0.006499999999999998,0.033800000000000004,0.08100000000000002,0.95,0.95,0.7537589146320745,0.2,0.005474546004375784,0.9635298966036053,5.539999999999999,2623.9999999999995
0.6585726297291323,0.014814258923557025,2.6,1.125,6.986999999999999,4.368,2.6,0.006499999999999998,0.033800000000000004,0.08100000000000002,0.95,0.95,0.6813587675413428,0.2,0.005678762636265396,0.9506988455895206,5.539999999999999,2623.9999999999995
0.6664754896437468,0.013674639870551801,2.6,1.125,6.986999999999999,4.368,2.6,0.006499999999999998,0.033800000000000004,0.08100000000000002,0.95,0.95,0.7469602291211568,0.2,0.005420236762419926,0.9632717569223669,5.539999999999999,2623.9999999999995
0.6745213742768867,0.01366081417970921,2.6,1.125,6.986999999999999,4.368,2.6,0.006499999999999998,0.033800000000000004,0.08100000000000002,0.95,0.95,0.748465674776519,0.2,0.005486733679957904,0.9485215170047407,5.539999999999999,2623.9999999999995
0.6826643911535011,0.013478582056986268,2.6,1.125,6.986999999999999,4.368,2.6,0.006499999999999998,0.033800000000000004,0.08100000000000002,0.95,0.95,0.7460907245814251,0.2,0.005409781349132333,0.9581294995929593,5.539999999999999,2623.9999999999995
0.6908653890887078,0.013491839839903673,2.6,1.125,6.986999999999999,4.368,2.6,0.006499999999999998,0.033800000000000004,0.08100000000000002,0.95,0.95,0.7429063467684474,0.2,0.0054929540102559744,0.9508453822025412,5.539999999999999,2623.9999999999995
0.6992465262272273,0.013430890394392398,2.6,1.125,6.986999999999999,4.368,2.6,0.006499999999999998,0.033800000000000004,0.08100000000000002,0.95,0.95,0.754419210463048,0.2,0.005443172600340433,0.9620657617650891,5.539999999999999,2623.9999999999995
0.7076880324807635,0.013590038081624569,2.6,1.125,6.986999999999999,4.368,2.6,0.006499999999999998,0.033800000000000004,0.08100000000000002,0.95,0.95,0.7437828090880166,0.2,0.00546719535933963,0.9616273966116705,5.539999999999999,2623.9999999999995
0.715920464773304,0.013202387154941793,2.6,1.125,6.986999999999999,4.368,2.6,0.006499999999999998,0.033800000000000004,0.08100000000000002,0.95,0.95,0.7543943319494409,0.2,0.0055622637328674954,0.9559173631496856,5.539999999999999,2623.9999999999995
0.7248779995519241,0.013564776176757932,2.6,1.125,6.986999999999999,4.368,2.6,0.006499999999999998,0.033800000000000004,0.08100000000000002,0.95,0.95,0.7408371740197724,0.2,0.0056218342291677065,0.9572131780189918,5.539999999999999,2623.9999999999995
0.7328901829519493,0.011578861778279041,2.6,1.125,6.986999999999999,4.368,2.6,0.006499999999999998,0.033800000000000004,0.08100000000000002,0.95,0.95,0.7127988108102681,0.2,0.00565579206714462,1.0382813737666723,5.539999999999999,2623.9999999999995
0.7424855966215403,0.013402263435707443,2.6,1.125,6.986999999999999,4.368,2.6,0.006499999999999998,0.033800000000000004,0.08100000000000002,0.95,0.95,0.7544202770406944,0.2,0.005551500129085589,0.9532442247527176,5.539999999999999,2623.9999999999995
0.7514490452955005,0.013545391173385856,2.6,1.125,6.986999999999999,4.368,2.6,0.006499999999999998,0.033800000000000004,0.08100000000000002,0.95,0.95,0.7493881048184081,0.2,0.005598773788104646,0.9605487748995384,5.539999999999999,2623.9999999999995
0.7605207258201835,0.013678788826816998,2.6,1.125,6.986999999999999,4.368,2.6,0.006499999999999998,0.033800000000000004,0.08100000000000002,0.95,0.95,0.7536710188885495,0.2,0.00553686833056758,0.9508899621004003,5.539999999999999,2623.9999999999995
0.7696258283324527,0.013641901933651676,2.6,1.125,6.986999999999999,4.368,2.6,0.006499999999999998,0.033800000000000004,0.08100000000000002,0.95,0.95,0.7569452387013949,0.2,0.0055107944640989046,0.9671716216035204,5.539999999999999,2623.9999999999995
0.778994016012762,0.01362903125102477,2.6,1.125,6.986999999999999,4.368,2.6,0.006499999999999998,0.033800000000000004,0.08100000000000002,0.95,0.95,0.7424660786083631,0.2,0.0054082201377810704,0.9702454595573503,5.539999999999999,2623.9999999999995
0.7887193581547477,0.010976840126775429,2.6,1.125,6.986999999999999,4.368,2.6,0.006499999999999998,0.033800000000000004,0.08100000000000002,0.95,0.95,0.6908674143266452,0.2,0.0055457217419637075,1.1841532375180226,5.539999999999999,2623.9999999999995
0.7979160282966039,0.013711827644090891,2.6,1.125,6.986999999999999,4.368,2.6,0.006499999999999998,0.033800000000000004,0.08100000000000002,0.95,0.95,0.75242203455571,0.2,0.0054791394321810055,0.9677936851390067,5.539999999999999,2623.9999999999995
0.8075487010810739,0.013421377605830365,2.6,1.125,6.986999999999999,4.368,2.6,0.006499999999999998,0.033800000000000004,0.08100000000000002,0.95,0.95,0.7531200519796131,0.2,0.005356223043925859,0.9614771550368709,5.539999999999999,2623.9999999999995
0.5903719637348743,0.01354124625112609,2.6,1.125,6.986999999999999,4.368,2.6,0.006499999999999998,0.033800000000000004,0.08100000000000002,0.95,0.95,0.7506441554957803,0.2,0.0054920060140652115,0.9512782090893018,5.539999999999999,2623.9999999999995
0.6040914392112966,0.013313310993471675,2.6,1.125,6.986999999999999,4.368,2.6,0.006499999999999998,0.033800000000000004,0.08100000000000002,0.95,0.95,0.7509544100568449,0.2,0.005461014626794434,0.9789341859033308,5.539999999999999,2623.9999999999995
0.6018906877122864,0.01358065410243086,2.6,1.125,6.986999999999999,4.368,2.6,0.006499999999999998,0.033800000000000004,0.08100000000000002,0.95,0.95,0.746008880336204,0.2,0.0054373596736056766,0.9710725130334924,5.539999999999999,2623.9999999999995
0.5963729174911735,0.013704111113970182,2.6,1.125,6.986999999999999,4.368,2.6,0.006499999999999998,0.033800000000000004,0.08100000000000002,0.95,0.95,0.7409290732308762,0.2,0.005410240729096699,0.9526685133673555,5.539999999999999,2623.9999999999995
0.5786876753482102,0.01584539278604834,2.6,1.125,6.986999999999999,4.368,2.6,0.006499999999999998,0.033800000000000004,0.08100000000000002,0.95,0.95,0.7552921033703186,0.2,0.005381037518030571,0.97391521144214,5.539999999999999,2623.9999999999995
0.6080421343226192,0.013654940662359514,2.6,1.125,6.986999999999999,4.368,2.6,0.006499999999999998,0.033800000000000004,0.08100000000000002,0.95,0.95,0.7567433735336113,0.2,0.005356407901310441,0.9651718252718579,5.539999999999999,2623.9999999999995
0.5880116034142956,0.013517318600875728,2.6,1.125,6.986999999999999,4.368,2.6,0.006499999999999998,0.033800000000000004,0.08100000000000002,0.95,0.95,0.7508215679722986,0.2,0.005329692738270051,0.9699484507875865,5.539999999999999,2623.9999999999995
0.5959619273286846,0.013419306890637155,2.6,1.125,6.986999999999999,4.368,2.6,0.006499999999999998,0.033800000000000004,0.08100000000000002,0.95,0.95,0.7499410474282242,0.2,0.005303110784930755,0.9620085476180336,5.539999999999999,2623.9999999999995
0.6022663080431111,0.013554049074869885,2.6,1.125,6.986999999999999,4.368,2.6,0.006499999999999998,0.033800000000000004,0.08100000000000002,0.95,0.95,0.7459037618785964,0.2,0.005276661409547402,0.9659020174947031,5.539999999999999,2623.9999999999995
0.5920156449657432,0.013617199666673598,2.6,1.125,6.986999999999999,4.368,2.6,0.006499999999999998,0.033800000000000004,0.08100000000000002,0.95,0.95,0.7473306854753606,0.2,0.005250343947727048,0.9552322331757181,5.539999999999999,2623.9999999999995
0.598974283116333,0.013349257124395948,2.6,1.125,6.986999999999999,4.368,2.6,0.006499999999999998,0.033800000000000004,0.08100000000000002,0.95,0.95,0.742001839688782,0.2,0.005224157751273058,0.9483769274905849,5.539999999999999,2623.9999999999995
0.586508130547414,0.013411035588565087,2.6,1.125,6.986999999999999,4.368,2.6,0.006499999999999998,0.033800000000000004,0.08100000000000002,0.95,0.95,0.7463957644749384,0.2,0.0051981021845394475,0.9641905644899113,5.539999999999999,2623.9999999999995
0.5992717264368715,0.013797018578898736,2.6,1.125,6.986999999999999,4.368,2.6,0.006499999999999998,0.033800000000000004,0.08100000000000002,0.95,0.95,0.7369662723395091,0.2,0.005172176513127319,0.9587443957781786,5.539999999999999,2623.9999999999995
0.604347794683485,0.013650807003006579,2.6,1.125,6.986999999999999,4.368,2.6,0.006499999999999998,0.033800000000000004,0.08100000000000002,0.95,0.95,0.7445239358694264,0.2,0.005146379623778218,0.9702080465277729,5.539999999999999,2623.9999999999995
0.5971962020020586,0.013415589231917583,2.6,1.125,6.986999999999999,4.368,2.6,0.006499999999999998,0.033800000000000004,0.08100000000000002,0.95,0.95,0.7519369967762584,0.2,0.00512071249694305,0.9591786229131698,5.539999999999999,2623.9999999999995
0.6009020528723753,0.01345496110520734,2.6,1.125,6.986999999999999,4.368,2.6,0.006499999999999998,0.033800000000000004,0.08100000000000002,0.95,0.95,0.7607106620008265,0.2,0.005095172836816256,0.9684444143487113,5.539999999999999,2623.9999999999995
0.5993905930652624,0.013342720722168952,2.6,1.125,6.986999999999999,4.368,2.6,0.006499999999999998,0.033800000000000004,0.08100000000000002,0.95,0.95,0.7469069348192882,0.2,0.005069760556275756,0.9573841960445657,5.539999999999999,2623.9999999999995
0.5961557909998428,0.013532254496987589,2.6,1.125,6.986999999999999,4.368,2.6,0.006499999999999998,0.033800000000000004,0.08100000000000002,0.95,0.95,0.7339325797403661,0.2,0.005044475020013212,0.9591036080333982,5.539999999999999,2623.9999999999995
0.5899004633391247,0.011321600215571345,2.6,1.125,6.986999999999999,4.368,2.6,0.006499999999999998,0.033800000000000004,0.08100000000000002,0.95,0.95,0.7943753349685777,0.2,0.00502437095615268,1.0057520723751525,5.539999999999999,2623.9999999999995
0.5959088640760278,0.01353077805754114,2.6,1.125,6.986999999999999,4.368,2.6,0.006499999999999998,0.033800000000000004,0.08100000000000002,0.95,0.95,0.7341543520939268,0.2,0.004994281654915913,0.9660156546362161,5.539999999999999,2623.9999999999995
0.595468521081084,0.01347681132931342,2.6,1.125,6.986999999999999,4.368,2.6,0.006499999999999998,0.033800000000000004,0.08100000000000002,0.95,0.95,0.7583646089039094,0.2,0.004969372571244415,0.9583202213476641,5.539999999999999,2623.9999999999995
0.5993428692591726,0.013402314361643844,2.6,1.125,6.986999999999999,4.368,2.6,0.006499999999999998,0.033800000000000004,0.08100000000000002,0.95,0.95,0.7500924965099638,0.2,0.004944587722146016,0.9666840818040436,5.539999999999999,2623.9999999999995
0.5613368631446302,0.013607073848707067,2.6,1.125,6.986999999999999,4.368,2.6,0.006499999999999998,0.033800000000000004,0.08100000000000002,0.95,0.95,0.7829098415445838,0.2,0.004923780161506501,1.046525027235434,5.539999999999999,2623.9999999999995
0.5883521749345599,0.013680477513732863,2.6,1.125,6.986999999999999,4.368,2.6,0.006499999999999998,0.033800000000000004,0.08100000000000002,0.95,0.95,0.7432872141904501,0.2,0.004895388252268842,0.9626267136071031,5.539999999999999,2623.9999999999995
0.6036652191862667,0.01348678193434821,2.6,1.125,6.986999999999999,4.368,2.6,0.006499999999999998,0.033800000000000004,0.08100000000000002,0.95,0.95,0.747924647370366,0.2,0.00487097240484393,0.9693905116177973,5.539999999999999,2623.9999999999995
0.6057872744390196,0.013620290620461805,2.6,1.125,6.986999999999999,4.368,2.6,0.006499999999999998,0.033800000000000004,0.08100000000000002,0.95,0.95,0.7575869784567821,0.2,0.0048480340113983365,0.9641469260035108,5.539999999999999,2623.9999999999995
0.5966193715931412,0.01457543805427734,2.6,1.125,6.986999999999999,4.368,2.6,0.006499999999999998,0.033800000000000004,0.08100000000000002,0.95,0.95,0.8144606521822713,0.2,0.0048266194457125995,1.0568580355109445,5.539999999999999,2623.9999999999995
0.5538792034471183,0.010683694638604009,2.6,1.125,6.986999999999999,4.368,2.6,0.006499999999999998,0.033800000000000004,0.08100000000000002,0.95,0.95,0.8015397781802709,0.2,0.0048013731288413086,1.0908333335571427,5.539999999999999,2623.9999999999995
0.5941167900080855,0.013411181423220607,2.6,1.125,6.986999999999999,4.368,2.6,0.006499999999999998,0.033800000000000004,0.08100000000000002,0.95,0.95,0.7539294514389228,0.2,0.00477452068566486,0.9664432488194152,5.539999999999999,2623.9999999999995
0.5967816470887216,0.013636394663151712,2.6,1.125,6.986999999999999,4.368,2.6,0.006499999999999998,0.033800000000000004,0.08100000000000002,0.95,0.95,0.7543717521543283,0.2,0.004752065918257004,0.9639695252745757,5.539999999999999,2623.9999999999995
0.6224314074190255,0.013631978839852978,2.6,1.125,6.986999999999999,4.368,2.6,0.006499999999999998,0.033800000000000004,0.08100000000000002,0.95,0.95,0.72916706747855,0.2,0.005496692765257604,1.057485629764674,5.539999999999999,2623.9999999999995
0.6074062581940942,0.013658830324602253,2.6,1.125,6.986999999999999,4.368,2.6,0.006499999999999998,0.033800000000000004,0.08100000000000002,0.95,0.95,0.7542936934312539,0.2,0.005519534841691783,0.9732809197067503,5.539999999999999,2623.9999999999995
0.5947352393364609,0.013743883932370067,2.6,1.125,6.986999999999999,4.368,2.6,0.006499999999999998,0.033800000000000004,0.08100000000000002,0.95,0.95,0.7518677138468238,0.2,0.005547201625219953,0.9544048067082224,5.539999999999999,2623.9999999999995
0.6021073846034505,0.013776782325934442,2.6,1.125,6.986999999999999,4.368,2.6,0.006499999999999998,0.033800000000000004,0.08100000000000002,0.95,0.95,0.7400545076393444,0.2,0.00557472976603695,0.9673041609165659,5.539999999999999,2623.9999999999995
0.5862891223214327,0.013444154813239056,2.6,1.125,6.986999999999999,4.368,2.6,0.006499999999999998,0.033800000000000004,0.08100000000000002,0.95,0.95,0.7408253311135742,0.2,0.0056029519284029805,0.9580626036662723,5.539999999999999,2623.9999999999995
0.596525462099894,0.013286307397967543,2.6,1.125,6.986999999999999,4.368,2.6,0.006499999999999998,0.033800000000000004,0.08100000000000002,0.95,0.95,0.7380507362280057,0.2,0.005630743477029168,0.9696377244792963,5.539999999999999,2623.9999999999995
0.5966036199609982,0.013491716079920175,2.6,1.125,6.986999999999999,4.368,2.6,0.006499999999999998,0.033800000000000004,0.08100000000000002,0.95,0.95,0.7368825829032752,0.2,0.005658574360725572,0.9667257568242128,5.539999999999999,2623.9999999999995
0.6077458833634027,0.01350422788826252,2.6,1.125,6.986999999999999,4.368,2.6,0.006499999999999998,0.033800000000000004,0.08100000000000002,0.95,0.95,0.7413136702939815,0.2,0.005687032738925961,0.9667483341449148,5.539999999999999,2623.9999999999995
0.6028561536167599,0.013360674491330748,2.6,1.125,6.986999999999999,4.368,2.6,0.006499999999999998,0.033800000000000004,0.08100000000000002,0.95,0.95,0.7362353884437024,0.2,0.005715797014138645,0.9492881460948052,5.539999999999999,2623.9999999999995
0.5894375678432979,0.013587117441112555,2.6,1.125,6.986999999999999,4.368,2.6,0.006499999999999998,0.033800000000000004,0.08100000000000002,0.95,0.95,0.7458459767283162,0.2,0.005744791331763085,0.9660560860322858,5.539999999999999,2623.9999999999995
0.6091946821644899,0.013505206354432715,2.6,1.125,6.986999999999999,4.368,2.6,0.006499999999999998,0.033800000000000004,0.08100000000000002,0.95,0.95,0.759201134150446,0.2,0.005773587222046915,0.9620391195555599,5.539999999999999,2623.9999999999995
0.6009548032766724,0.013584785034822555,2.6,1.125,6.986999999999999,4.368,2.6,0.006499999999999998,0.033800000000000004,0.08100000000000002,0.95,0.95,0.7537089685223941,0.2,0.005802340647589395,0.9743633400468585,5.539999999999999,2623.9999999999995
0.5997905196800981,0.0134424318074385,2.6,1.125,6.986999999999999,4.368,2.6,0.006499999999999998,0.033800000000000004,0.08100000000000002,0.95,0.95,0.7608384796918353,0.2,0.005831612734363841,0.9547885014331402,5.539999999999999,2623.9999999999995
0.5872931861503525,0.013658118433486483,2.6,1.125,6.986999999999999,4.368,2.6,0.006499999999999998,0.033800000000000004,0.08100000000000002,0.95,0.95,0.7477626840552334,0.2,0.005860843814838794,0.9837889876852652,5.539999999999999,2623.9999999999995
0.5968853295767088,0.013683838582418862,2.6,1.125,6.986999999999999,4.368,2.6,0.006499999999999998,0.033800000000000004,0.08100000000000002,0.95,0.95,0.7474844551886313,0.2,0.005890132000521203,0.9545393847985327,5.539999999999999,2623.9999999999995
0.6063969304776036,0.01344650852623686,2.6,1.125,6.986999999999999,4.368,2.6,0.006499999999999998,0.033800000000000004,0.08100000000000002,0.95,0.95,0.7642114426771086,0.2,0.005919746274432135,0.9461800916893104,5.539999999999999,2623.9999999999995
0.5912115290321929,0.013413380115988334,2.6,1.125,6.986999999999999,4.368,2.6,0.006499999999999998,0.033800000000000004,0.08100000000000002,0.95,0.95,0.7513609598221215,0.2,0.005949419126115087,0.9823150995818314,5.539999999999999,2623.9999999999995
0.5964073506558918,0.013415678043408256,2.6,1.125,6.986999999999999,4.368,2.6,0.006499999999999998,0.033800000000000004,0.08100000000000002,0.95,0.95,0.736477143304414,0.2,0.005979240713586058,0.9593880808317777,5.539999999999999,2623.9999999999995
0.5922015810435397,0.013298453602051157,2.6,1.125,6.986999999999999,4.368,2.6,0.006499999999999998,0.033800000000000004,0.08100000000000002,0.95,0.95,0.7509351174214204,0.2,0.00600640739042027,0.9559244310084031,5.539999999999999,2623.9999999999995
0.6110848769099965,0.013651953467648479,2.6,1.125,6.986999999999999,4.368,2.6,0.006499999999999998,0.033800000000000004,0.08100000000000002,0.95,0.95,0.7586593916147768,0.2,0.006039333081794057,0.9746936897420612,5.539999999999999,2623.9999999999995
0.6023015723450537,0.0131797707988682,2.6,1.125,6.986999999999999,4.368,2.6,0.006499999999999998,0.033800000000000004,0.08100000000000002,0.95,0.95,0.7602636530912279,0.2,0.00606960536484342,0.9467877057635913,5.539999999999999,2623.9999999999995
0.5924965489117046,0.01359863057988244,2.6,1.125,6.986999999999999,4.368,2.6,0.006499999999999998,0.033800000000000004,0.08100000000000002,0.95,0.95,0.7455838668283601,0.2,0.006100029388343035,0.9624816339088013,5.539999999999999,2623.9999999999995
0.6018765896889869,0.01351238680220162,2.6,1.125,6.986999999999999,4.368,2.6,0.006499999999999998,0.033800000000000004,0.08100000000000002,0.95,0.95,0.7367939473470183,0.2,0.006128437412584668,0.9768669005409033,5.539999999999999,2623.9999999999995
0.604111543556924,0.013851914748203504,2.6,1.125,6.986999999999999,4.368,2.6,0.006499999999999998,0.033800000000000004,0.08100000000000002,0.95,0.95,0.7373592372780658,0.2,0.006159228087045997,0.9636988656072506,5.539999999999999,2623.9999999999995
0.5978581268417728,0.01363123341862477,2.6,1.125,6.986999999999999,4.368,2.6,0.006499999999999998,0.033800000000000004,0.08100000000000002,0.95,0.95,0.7613671094648096,0.2,0.006191124083058381,0.9752658461300168,5.539999999999999,2623.9999999999995
0.5970305048242228,0.013497277026307746,2.6,1.125,6.986999999999999,4.368,2.6,0.006499999999999998,0.033800000000000004,0.08100000000000002,0.95,0.95,0.7558114882567321,0.2,0.0062232581561901534,0.9754516645602752,5.539999999999999,2623.9999999999995
0.5980881629401326,0.013436363436669168,2.6,1.125,6.986999999999999,4.368,2.6,0.006499999999999998,0.033800000000000004,0.08100000000000002,0.95,0.95,0.747429389229455,0.2,0.0062517840137105134,0.9709067677464678,5.539999999999999,2623.9999999999995
0.5899442561148625,0.013298951000597423,2.6,1.125,6.986999999999999,4.368,2.6,0.006499999999999998,0.033800000000000004,0.08100000000000002,0.95,0.95,0.7484282914922491,0.2,0.006282808806361301,0.9498888804121806,5.539999999999999,2623.9999999999995
0.6021607074385851,0.013700178103450061,2.6,1.125,6.986999999999999,4.368,2.6,0.006499999999999998,0.033800000000000004,0.08100000000000002,0.95,0.95,0.7338001746900807,0.2,0.006317310658824953,0.9599106237668136,5.539999999999999,2623.9999999999995
0.5914393539723617,0.013511798080173755,2.6,1.125,6.986999999999999,4.368,2.6,0.006499999999999998,0.033800000000000004,0.08100000000000002,0.95,0.95,0.7312888052969665,0.2,0.006345795826474174,0.9554047737409396,5.539999999999999,2623.9999999999995
0.5991138262050516,0.013603752562381744,2.6,1.125,6.986999999999999,4.368,2.6,0.006499999999999998,0.033800000000000004,0.08100000000000002,0.95,0.95,0.7510572324024233,0.2,0.006378759213816948,0.9708938254536594,5.539999999999999,2623.9999999999995
0.6116152758986396,0.013407896313479547,2.6,1.125,6.986999999999999,4.368,2.6,0.006499999999999998,0.033800000000000004,0.08100000000000002,0.95,0.95,0.7481131088224648,0.2,0.006412784583009349,0.9670059027221836,5.539999999999999,2623.9999999999995
0.6351467929012707,0.012613464742200257,2.6,1.125,6.986999999999999,4.368,2.6,0.006499999999999998,0.033800000000000004,0.08100000000000002,0.95,0.95,0.6771806090462206,0.2,0.006442143237984825,0.8724484300061273,5.539999999999999,2623.9999999999995
0.6068473128996817,0.013219171709395293,2.6,1.125,6.986999999999999,4.368,2.6,0.006499999999999998,0.033800000000000004,0.08100000000000002,0.95,0.95,0.7374946822159261,0.2,0.006477234139543368,0.9656535589787008,5.539999999999999,2623.9999999999995